timestamp,mem_available
1774593502,94.57
1774593503,94.73
1774593504,95.32
1774593505,95.40
1774593506,95.40
1774593507,94.98
1774593508,95.20
1774593509,95.68
1774593510,95.47
1774593511,95.43
1774593512,95.47
1774593513,95.48
1774593514,95.48
1774593515,95.49
1774593516,95.05
1774593517,94.96
1774593518,95.11
1774593519,95.03
1774593520,95.09
1774593521,95.13
1774593522,94.79
1774593523,94.78
1774593524,95.37
1774593525,95.47
1774593526,95.60
1774593527,95.62
1774593528,95.68
1774593529,95.76
1774593530,95.86
1774593531,95.85
1774593532,95.88
1774593533,95.87
1774593534,95.86
1774593535,95.85
1774593536,95.86
1774593537,95.86
1774593538,95.86
1774593539,95.84
1774593540,95.87
1774593541,95.86
1774593542,95.85
1774593543,95.83
1774593544,95.82
1774593545,95.80
1774593546,95.77
1774593547,95.79
1774593548,95.78
1774593549,95.75
1774593550,95.79
1774593551,95.79
1774593552,95.83
1774593553,95.81
1774593554,95.80
1774593555,95.83
1774593556,95.81
1774593557,95.82
1774593558,95.77
1774593559,95.56
1774593560,95.54
1774593561,95.38
1774593562,95.36
1774593563,95.36
1774593564,95.36
1774593565,95.06
1774593566,95.13
1774593567,95.28
1774593568,95.38
1774593569,95.44
1774593570,95.41
1774593571,95.41
1774593572,94.92
1774593573,94.83
1774593574,95.36
1774593575,95.16
1774593576,94.96
1774593577,95.06
1774593578,95.02
1774593579,94.96
1774593580,95.04
1774593581,94.97
1774593582,94.96
1774593583,95.03
1774593584,95.15
1774593585,95.17
1774593586,95.36
1774593587,95.55
1774593588,95.56
1774593589,95.56
1774593590,95.54
1774593591,95.64
1774593592,95.76
1774593593,95.63
1774593594,94.96
1774593595,94.86
1774593596,94.91
1774593597,94.43
1774593598,94.38
1774593599,94.57
1774593600,94.73
1774593601,94.85
1774593602,95.12
1774593603,94.83
1774593604,94.93
1774593605,94.95
1774593607,95.07
1774593608,95.07
1774593609,95.08
1774593610,95.10
1774593611,95.15
1774593612,95.19
1774593613,95.39
1774593614,94.77
1774593615,94.71
1774593616,94.83
1774593617,95.08
1774593618,95.26
1774593619,95.57
1774593620,95.24
1774593621,95.24
1774593622,95.32
1774593623,95.18
1774593624,94.75
1774593625,94.94
1774593626,94.79
1774593627,94.60
1774593628,94.69
1774593629,94.80
1774593630,94.56
1774593631,94.37
1774593632,94.28
1774593633,94.54
1774593634,94.72
1774593635,94.82
1774593636,95.04
1774593637,94.99
1774593638,95.01
1774593639,94.73
1774593640,94.73
1774593641,94.84
1774593642,94.97
1774593643,95.14
1774593644,95.17
1774593645,95.27
1774593646,95.10
1774593647,94.92
1774593648,94.93
1774593649,94.86
1774593650,95.13
1774593651,95.11
1774593652,95.45
1774593653,94.71
1774593654,94.67
1774593655,94.86
1774593656,94.55
1774593657,94.48
1774593658,94.82
1774593659,94.92
1774593660,94.51
1774593661,94.57
1774593662,95.05
1774593663,95.32
1774593664,95.18
1774593665,95.48
1774593666,95.56
1774593667,95.14
1774593668,95.39
1774593669,95.43
1774593670,95.17
1774593671,95.03
1774593672,94.93
1774593673,95.06
1774593674,94.57
1774593675,94.73
1774593676,95.17
1774593677,95.43
1774593678,95.05
1774593679,94.85
1774593680,95.04
1774593681,94.91
1774593682,94.96
1774593683,94.64
1774593684,94.70
1774593685,95.01
1774593686,94.63
1774593687,94.73
1774593688,94.95
1774593689,94.76
1774593690,94.61
1774593691,94.49
1774593692,94.55
1774593693,94.71
1774593694,95.04
1774593695,95.16
1774593696,95.28
1774593697,94.97
1774593698,94.89
1774593699,94.81
1774593700,94.84
1774593701,94.97
1774593702,94.97
1774593703,95.04
1774593704,95.16
1774593705,94.83
1774593706,94.80
1774593707,94.86
1774593708,94.88
1774593709,94.60
1774593710,94.56
1774593711,94.66
1774593712,95.02
1774593713,95.17
1774593714,94.92
1774593715,94.89
1774593716,94.93
1774593717,94.91
1774593718,95.82
1774593719,95.19
1774593720,95.22
1774593721,95.21
1774593722,95.06
1774593723,95.11
1774593724,95.11
1774593725,95.25
1774593726,95.27
1774593727,95.77
1774593728,95.08
1774593729,94.98
1774593731,95.09
1774593732,95.08
1774593733,95.09
1774593734,95.20
1774593735,95.35
1774593736,94.91
1774593737,94.96
1774593738,95.01
1774593739,94.51
1774593740,94.42
1774593741,94.74
1774593742,94.81
1774593743,94.55
1774593744,94.71
1774593745,95.22
1774593746,94.99
1774593747,94.72
1774593748,94.71
1774593749,94.68
1774593750,95.02
1774593751,94.99
1774593752,95.01
1774593753,94.98
1774593754,95.08
1774593755,95.05
1774593756,96.09
1774593757,96.15
1774593758,96.11
1774593759,96.17
1774593760,95.74
1774593761,95.52
1774593762,95.69
1774593763,95.64
1774593764,95.66
1774593765,95.66
1774593766,95.72
1774593767,95.79
1774593768,95.89
1774593769,95.95
1774593770,96.02
1774593771,96.08
1774593772,96.12
1774593773,96.17
1774593774,96.20
1774593775,96.22
1774593776,96.25
1774593777,96.28
1774593778,96.29
1774593779,96.28
1774593780,96.30
1774593781,96.32
1774593782,96.32
1774593783,96.34
1774593784,96.34
1774593785,96.33
1774593786,96.33
1774593787,96.33
1774593788,96.33
1774593789,96.33
1774593790,96.38
1774593791,96.37
1774593792,96.37
1774593793,96.37
1774593794,96.37
1774593795,96.37
1774593796,96.37
1774593797,96.37
1774593798,96.37
1774593799,96.36
1774593800,96.36
1774593801,96.36
1774593802,96.38
1774593803,96.38
1774593804,96.38
1774593805,96.38
1774593806,96.38
1774593807,96.38
1774593808,96.38
1774593809,96.38
1774593810,96.38
1774593811,96.37
1774593812,96.37
1774593813,96.37
1774593814,96.37
1774593815,96.37
1774593816,96.37
1774593817,96.42
1774593818,96.42
1774593819,96.42
1774593820,96.42
1774593821,96.42
1774593822,96.42
1774593823,96.41
1774593824,96.41
1774593825,96.41
1774593826,96.41
1774593827,96.40
1774593828,96.40
1774593829,96.40
1774593830,96.40
1774593831,96.40
1774593832,96.40
1774593833,96.40
1774593834,96.40
1774593835,96.40
1774593836,96.40
1774593837,96.41
1774593838,96.41
1774593839,96.41
1774593840,96.41
1774593841,96.40
1774593842,96.40
1774593843,96.40
1774593844,96.40
1774593845,96.39
1774593846,96.40
1774593847,96.40
1774593849,96.42
1774593850,96.41
1774593851,96.41
1774593852,96.41
1774593853,96.41
1774593854,96.41
1774593855,96.41
1774593856,96.41
1774593857,96.41
1774593858,96.41
1774593859,96.39
1774593860,96.38
1774593861,96.37
1774593862,96.37
1774593863,96.38
1774593864,96.37
1774593865,96.38
1774593866,96.37
1774593867,96.37
1774593868,96.36
1774593869,96.36
1774593870,96.36
1774593871,96.36
1774593872,96.36
1774593873,96.36
1774593874,96.36
1774593875,96.36
1774593876,96.36
1774593877,96.36
1774593878,96.36
1774593879,96.36
1774593880,96.36
1774593881,96.36
1774593882,96.36
1774593883,96.36
1774593884,96.36
1774593885,96.36
1774593886,96.36
1774593887,96.36
1774593888,96.36
1774593889,96.36
1774593890,96.36
1774593891,96.36
1774593892,96.36
1774593893,96.35
1774593894,96.35
1774593895,96.35
1774593896,96.35
1774593897,96.35
1774593898,96.35
1774593899,96.35
1774593900,96.35
1774593901,96.35
1774593902,96.35
1774593903,96.35
1774593904,96.35
1774593905,96.35
1774593906,96.35
1774593907,96.35
1774593908,96.35
1774593909,96.35
1774593910,96.35
1774593911,96.35
1774593912,96.35
1774593913,96.35
1774593914,96.35
1774593915,96.35
1774593916,96.35
1774593917,96.35
1774593918,96.39
1774593919,96.39
1774593920,96.39
1774593921,96.39
1774593922,96.39
1774593923,96.44
1774593924,96.43
1774593925,96.43
1774593926,96.43
1774593927,96.47
1774593928,96.46
1774593929,96.47
1774593930,96.52
1774593931,96.51
1774593932,96.51
1774593933,96.52
1774593934,96.51
1774593935,96.51
1774593936,96.51
1774593937,96.51
1774593938,96.51
1774593939,96.50
1774593940,96.50
1774593941,96.49
1774593942,96.49
1774593943,96.49
1774593944,96.49
1774593945,96.48
1774593946,96.48
1774593947,96.48
1774593948,96.48
1774593949,96.48
1774593950,96.47
1774593951,96.47
1774593952,96.47
1774593953,96.47
1774593954,96.47
1774593955,96.47
1774593956,96.47
1774593957,96.47
1774593958,96.47
1774593959,96.47
1774593960,96.50
1774593961,96.49
1774593962,96.49
1774593963,96.49
1774593964,96.49
1774593965,96.48
1774593966,96.48
1774593967,96.48
1774593969,96.48
1774593970,96.47
1774593971,96.47
1774593972,96.47
1774593973,96.47
1774593974,96.47
1774593975,96.46
1774593976,96.46
1774593977,96.46
1774593978,96.45
1774593979,96.45
1774593980,96.45
1774593981,96.45
1774593982,96.45
1774593983,96.45
1774593984,96.45
1774593985,96.46
1774593986,96.45
1774593987,96.45
1774593988,96.45
1774593989,96.45
1774593990,96.45
1774593991,96.45
1774593992,96.44
1774593993,96.44
1774593994,96.44
1774593995,96.44
1774593996,96.44
1774593997,96.44
1774593998,96.44
1774593999,96.44
1774594000,96.44
1774594001,96.44
1774594002,96.44
1774594003,96.44
1774594004,96.44
1774594005,96.44
1774594006,96.44
1774594007,96.45
1774594008,96.45
1774594009,96.45
1774594010,96.45
1774594011,96.47
1774594012,96.47
1774594013,96.47
1774594014,96.46
1774594015,96.46
1774594016,96.46
1774594017,96.46
1774594018,96.51
1774594019,96.50
1774594020,96.50
1774594021,96.50
1774594022,96.50
1774594023,96.50
1774594024,96.50
1774594025,96.50
1774594026,96.50
1774594027,96.49
1774594028,96.49
1774594029,96.49
1774594030,96.49
1774594031,96.49
1774594032,96.49
1774594033,96.49
1774594034,96.49
1774594035,96.49
1774594036,96.51
1774594037,96.51
1774594038,96.50
1774594039,96.50
1774594040,96.49
1774594041,96.50
1774594042,96.50
1774594043,96.49
1774594044,96.49
1774594045,96.49
1774594046,96.49
1774594047,96.49
1774594048,96.49
1774594049,96.49
1774594050,96.49
1774594051,96.49
1774594052,96.49
1774594053,96.56
1774594054,96.55
1774594055,96.55
1774594056,96.55
1774594057,96.55
1774594058,96.55
1774594059,96.55
1774594060,96.55
1774594061,96.55
1774594062,96.55
1774594063,96.55
1774594064,96.55
1774594065,96.55
1774594066,96.55
1774594067,96.54
1774594068,96.54
1774594069,96.54
1774594070,96.54
1774594071,96.54
1774594072,96.54
1774594073,96.54
1774594074,96.54
1774594075,96.55
1774594076,96.55
1774594077,96.55
1774594078,96.55
1774594079,96.55
1774594080,96.55
1774594082,96.55
1774594083,96.57
1774594084,96.56
1774594085,96.55
1774594086,96.55
1774594087,96.55
1774594088,96.54
1774594089,96.54
1774594090,96.54
1774594091,96.55
1774594092,96.54
1774594093,96.54
1774594094,96.53
1774594095,96.53
1774594096,96.57
1774594097,96.57
1774594098,96.57
1774594099,96.57
1774594100,96.56
1774594101,96.56
1774594102,96.56
1774594103,96.56
1774594104,96.56
1774594105,96.56
1774594106,96.56
1774594107,96.56
1774594108,96.56
1774594109,96.56
1774594110,96.56
1774594111,96.55
1774594112,96.55
1774594113,96.55
1774594114,96.55
1774594115,96.55
1774594116,96.55
1774594117,96.54
1774594118,96.55
1774594119,96.55
1774594120,96.55
1774594121,96.55
1774594122,96.55
1774594123,96.54
1774594124,96.54
1774594125,96.54
1774594126,96.54
1774594127,96.57
1774594128,96.57
1774594129,96.57
1774594130,96.57
1774594131,96.57
1774594132,96.57
1774594133,96.57
1774594134,96.57
1774594135,96.57
1774594136,96.57
1774594137,96.57
1774594138,96.57
1774594139,96.57
1774594140,96.56
1774594141,96.58
1774594142,96.57
1774594143,96.57
1774594144,96.57
1774594145,96.57
1774594146,96.57
1774594147,96.57
1774594148,96.56
1774594149,96.56
1774594150,96.56
1774594151,96.58
1774594152,96.58
1774594153,96.57
1774594154,96.56
1774594155,96.56
1774594156,96.56
1774594157,96.56
1774594158,96.56
1774594159,96.56
1774594160,96.56
1774594161,96.56
1774594162,96.55
1774594163,96.55
1774594164,96.55
1774594165,96.55
1774594166,96.55
1774594167,96.58
1774594168,96.58
1774594169,96.58
1774594170,96.58
1774594171,96.58
1774594172,96.58
1774594173,96.58
1774594174,96.58
1774594175,96.57
1774594176,96.57
1774594177,96.57
1774594178,96.56
1774594179,96.56
1774594180,96.56
1774594181,96.56
1774594182,96.56
1774594183,96.56
1774594184,96.55
1774594185,96.55
1774594186,96.55
1774594187,96.55
1774594188,96.55
1774594189,96.55
1774594190,96.55
1774594191,96.55
1774594192,96.55
1774594193,96.55
1774594194,96.55
1774594195,96.55
1774594196,96.55
1774594197,96.55
1774594199,96.55
1774594200,96.55
1774594201,96.55
1774594202,96.55
1774594203,96.55
1774594204,96.55
1774594205,96.54
1774594206,96.54
1774594207,96.54
1774594208,96.54
1774594209,96.53
1774594210,96.53
1774594211,96.53
1774594212,96.53
1774594213,96.53
1774594214,96.55
1774594215,96.55
1774594216,96.55
1774594217,96.59
1774594218,96.58
1774594219,96.57
1774594220,96.57
1774594221,96.57
1774594222,96.57
1774594223,96.57
1774594224,96.57
1774594225,96.57
1774594226,96.57
1774594227,96.57
1774594228,96.57
1774594229,96.57
1774594230,96.57
1774594231,96.57
1774594232,96.57
1774594233,96.57
1774594234,96.57
1774594235,96.57
1774594236,96.56
1774594237,96.56
1774594238,96.55
1774594239,96.55
1774594240,96.55
1774594241,96.55
1774594242,96.55
1774594243,96.55
1774594244,96.55
1774594245,96.55
1774594246,96.55
1774594247,96.56
1774594248,96.56
1774594249,96.55
1774594250,96.55
1774594251,96.55
1774594252,96.52
1774594253,96.52
1774594254,96.52
1774594255,96.51
1774594256,96.56
1774594257,96.55
1774594258,96.54
1774594259,96.54
1774594260,96.54
1774594261,96.54
1774594262,96.54
1774594263,96.53
1774594264,96.53
1774594265,96.53
1774594266,96.52
1774594267,96.52
1774594268,96.52
1774594269,96.52
1774594270,96.52
1774594271,96.51
1774594272,96.51
1774594273,96.51
1774594274,96.51
1774594275,96.51
1774594276,96.51
1774594277,96.51
1774594278,96.51
1774594279,96.51
1774594280,96.51
1774594281,96.55
1774594282,96.55
1774594283,96.55
1774594284,96.55
1774594285,96.54
1774594286,96.54
1774594287,96.53
1774594288,96.53
1774594289,96.53
1774594290,96.53
1774594291,96.53
1774594292,96.53
1774594293,96.53
1774594294,96.53
1774594295,96.53
1774594296,96.53
1774594297,96.53
1774594298,96.53
1774594299,96.53
1774594300,96.53
1774594301,96.53
1774594302,96.52
1774594303,96.52
1774594304,96.52
1774594305,96.51
1774594306,96.51
1774594307,96.51
1774594308,96.51
1774594309,96.51
1774594310,96.51
1774594311,96.52
1774594312,96.51
1774594313,96.51
1774594314,96.51
1774594315,96.51
1774594316,96.51
1774594318,96.51
1774594319,96.51
1774594320,96.51
1774594321,96.51
1774594322,96.50
1774594323,96.50
1774594324,96.50
1774594325,96.50
1774594326,96.50
1774594327,96.50
1774594328,96.51
1774594329,96.51
1774594330,96.55
1774594331,96.55
1774594332,96.54
1774594333,96.54
1774594334,96.54
1774594335,96.54
1774594336,96.54
1774594337,96.54
1774594338,96.54
1774594339,96.54
1774594340,96.54
1774594341,96.54
1774594342,96.54
1774594343,96.53
1774594344,96.53
1774594345,96.53
1774594346,96.53
1774594347,96.53
1774594348,96.52
1774594349,96.52
1774594350,96.52
1774594351,96.52
1774594352,96.52
1774594353,96.52
1774594354,96.51
1774594355,96.51
1774594356,96.51
1774594357,96.51
1774594358,96.51
1774594359,96.51
1774594360,96.51
1774594361,96.51
1774594362,96.51
1774594363,96.51
1774594364,96.51
1774594365,96.51
1774594366,96.51
1774594367,96.53
1774594368,96.53
1774594369,96.53
1774594370,96.53
1774594371,96.52
1774594372,96.52
1774594373,96.52
1774594374,96.52
1774594375,96.51
1774594376,96.51
1774594377,96.51
1774594378,96.51
1774594379,96.51
1774594380,96.51
1774594381,96.51
1774594382,96.51
1774594383,96.50
1774594384,96.58
1774594385,96.57
1774594386,96.57
1774594387,96.57
1774594388,96.57
1774594389,96.57
1774594390,96.57
1774594391,96.57
1774594392,96.56
1774594393,96.56
1774594394,96.56
1774594395,96.56
1774594396,96.55
1774594397,96.55
1774594398,96.55
1774594399,96.55
1774594400,96.55
1774594401,96.54
1774594402,96.54
1774594403,96.54
1774594404,96.54
1774594405,96.54
1774594406,96.54
1774594407,96.54
1774594408,96.54
1774594409,96.58
1774594410,96.58
1774594411,96.58
1774594412,96.58
1774594413,96.58
1774594414,96.58
1774594415,96.57
1774594416,96.57
1774594417,96.56
1774594418,96.56
1774594419,96.55
1774594420,96.55
1774594421,96.55
1774594422,96.55
1774594423,96.54
1774594424,96.54
1774594425,96.54
1774594426,96.54
1774594427,96.54
1774594428,96.54
1774594429,96.54
1774594430,96.54
1774594432,96.54
1774594433,96.54
1774594434,96.54
1774594435,96.54
1774594436,96.54
1774594437,96.54
1774594438,96.56
1774594439,96.56
1774594440,96.55
1774594441,96.55
1774594442,96.55
1774594443,96.56
1774594444,96.56
1774594445,96.55
1774594446,96.55
1774594447,96.55
1774594448,96.55
1774594449,96.55
1774594450,96.55
1774594451,96.55
1774594452,96.55
1774594453,96.54
1774594454,96.54
1774594455,96.54
1774594456,96.54
1774594457,96.54
1774594458,96.53
1774594459,96.53
1774594460,96.53
1774594461,96.53
1774594462,96.52
1774594463,96.52
1774594464,96.52
1774594465,96.52
1774594466,96.51
1774594467,96.51
1774594468,96.51
1774594469,96.51
1774594470,96.51
1774594471,96.51
1774594472,96.51
1774594473,96.51
1774594474,96.51
1774594475,96.50
1774594476,96.50
1774594477,96.50
1774594478,96.50
1774594479,96.50
1774594480,96.50
1774594481,96.50
1774594482,96.54
1774594483,96.54
1774594484,96.54
1774594485,96.54
1774594486,96.54
1774594487,96.53
1774594488,96.53
1774594489,96.54
1774594490,96.54
1774594491,96.53
1774594492,96.53
1774594493,96.53
1774594494,96.52
1774594495,96.55
1774594496,96.55
1774594497,96.54
1774594498,96.54
1774594499,96.53
1774594500,96.53
1774594501,96.53
1774594502,96.53
1774594503,96.53
1774594504,96.53
1774594505,96.53
1774594506,96.53
1774594507,96.53
1774594508,96.53
1774594509,96.53
1774594510,96.53
1774594511,96.49
1774594512,96.49
1774594513,96.49
1774594514,96.48
1774594515,96.48
1774594516,96.47
1774594517,96.47
1774594518,96.49
1774594519,96.49
1774594520,96.48
1774594521,96.48
1774594522,96.48
1774594523,96.48
1774594524,96.48
1774594525,96.48
1774594526,96.48
1774594527,96.48
1774594528,96.48
1774594529,96.47
1774594530,96.47
1774594531,96.47
1774594532,96.47
1774594533,96.47
1774594534,96.47
1774594535,96.47
1774594536,96.47
1774594537,96.47
1774594538,96.47
1774594539,96.47
1774594540,96.47
1774594541,96.47
1774594542,96.47
1774594543,96.47
1774594544,96.47
1774594545,96.47
1774594546,96.47
1774594547,96.47
1774594548,96.47
1774594550,96.47
1774594551,96.47
1774594552,96.47
1774594553,96.47
1774594554,96.48
1774594555,96.47
1774594556,96.47
1774594557,96.47
1774594558,96.47
1774594559,96.47
1774594560,96.47
1774594561,96.47
1774594562,96.47
1774594563,96.47
1774594564,96.46
1774594565,96.46
1774594566,96.46
1774594567,96.46
1774594568,96.45
1774594569,96.45
1774594570,96.45
1774594571,96.49
1774594572,96.49
1774594573,96.49
1774594574,96.49
1774594575,96.49
1774594576,96.49
1774594577,96.49
1774594578,96.49
1774594579,96.49
1774594580,96.49
1774594581,96.49
1774594582,96.49
1774594583,96.49
1774594584,96.49
1774594585,96.49
1774594586,96.49
1774594587,96.49
1774594588,96.49
1774594589,96.49
1774594590,96.49
1774594591,96.49
1774594592,96.49
1774594593,96.49
1774594594,96.49
1774594595,96.49
1774594596,96.49
1774594597,96.49
1774594598,96.49
1774594599,96.49
1774594600,96.49
1774594601,96.49
1774594602,96.49
1774594603,96.49
1774594604,96.52
1774594605,96.51
1774594606,96.51
1774594607,96.51
1774594608,96.51
1774594609,96.51
1774594610,96.51
1774594611,96.52
1774594612,96.52
1774594613,96.51
1774594614,96.51
1774594615,96.51
1774594616,96.51
1774594617,96.51
1774594618,96.51
1774594619,96.51
1774594620,96.51
1774594621,96.51
1774594622,96.51
1774594623,96.51
1774594624,96.51
1774594625,96.51
1774594626,96.51
1774594627,96.51
1774594628,96.51
1774594629,96.51
1774594630,96.51
1774594631,96.51
1774594632,96.51
1774594633,96.51
1774594634,96.51
1774594635,96.51
1774594636,96.51
1774594637,96.51
1774594638,96.51
1774594639,96.51
1774594640,96.51
1774594641,96.51
1774594642,96.50
1774594643,96.50
1774594644,96.50
1774594645,96.50
1774594646,96.50
1774594647,96.50
1774594648,96.50
1774594649,96.50
1774594650,96.50
1774594651,96.50
1774594652,96.51
1774594653,96.50
1774594654,96.50
1774594656,96.50
1774594657,96.50
1774594658,96.50
1774594659,96.50
1774594660,96.50
1774594661,96.50
1774594662,96.49
1774594663,96.49
1774594664,96.49
1774594665,96.49
1774594666,96.49
1774594667,96.49
1774594668,96.49
1774594669,96.49
1774594670,96.49
1774594671,96.49
1774594672,96.49
1774594673,96.49
1774594674,96.49
1774594675,96.49
1774594676,96.49
1774594677,96.49
1774594678,96.49
1774594679,96.49
1774594680,96.49
1774594681,96.49
1774594682,96.49
1774594683,96.49
1774594684,96.49
1774594685,96.49
1774594686,96.52
1774594687,96.52
1774594688,96.52
1774594689,96.52
1774594690,96.52
1774594691,96.54
1774594692,96.54
1774594693,96.54
1774594694,96.54
1774594695,96.54
1774594696,96.54
1774594697,96.54
1774594698,96.54
1774594699,96.54
1774594700,96.53
1774594701,96.53
1774594702,96.53
1774594703,96.53
1774594704,96.53
1774594705,96.53
1774594706,96.52
1774594707,96.52
1774594708,96.52
1774594709,96.52
1774594710,96.51
1774594711,96.51
1774594712,96.51
1774594713,96.51
1774594714,96.51
1774594715,96.51
1774594716,96.51
1774594717,96.51
1774594718,96.51
1774594719,96.51
1774594720,96.50
1774594721,96.50
1774594722,96.50
1774594723,96.50
1774594724,96.50
1774594725,96.50
1774594726,96.50
1774594727,96.50
1774594728,96.50
1774594729,96.50
1774594730,96.49
1774594731,96.48
1774594732,96.48
1774594733,96.48
1774594734,96.48
1774594735,96.48
1774594736,96.48
1774594737,96.48
1774594738,96.48
1774594739,96.48
1774594740,96.53
1774594741,96.53
1774594742,96.53
1774594743,96.53
1774594744,96.53
1774594745,96.53
1774594746,96.53
1774594747,96.53
1774594748,96.53
1774594749,96.53
1774594750,96.53
1774594751,96.53
1774594753,96.53
1774594754,96.53
1774594755,96.53
1774594756,96.53
1774594757,96.53
1774594758,96.53
1774594759,96.53
1774594760,96.52
1774594761,96.52
1774594762,96.52
1774594763,96.52
1774594764,96.52
1774594765,96.52
1774594766,96.52
1774594767,96.52
1774594768,96.52
1774594769,96.52
1774594770,96.52
1774594771,96.52
1774594772,96.52
1774594773,96.52
1774594774,96.52
1774594775,96.52
1774594776,96.52
1774594777,96.52
1774594778,96.52
1774594779,96.52
1774594780,96.52
1774594781,96.52
1774594782,96.52
1774594783,96.52
1774594784,96.52
1774594785,96.52
1774594786,96.52
1774594787,96.52
1774594788,96.52
1774594789,96.52
1774594790,96.52
1774594791,96.52
1774594792,96.52
1774594793,96.51
1774594794,96.51
1774594795,96.51
1774594796,96.51
1774594797,96.51
1774594798,96.51
1774594799,96.51
1774594800,96.51
1774594801,96.51
1774594802,96.51
1774594803,96.51
1774594804,96.51
1774594805,96.51
1774594806,96.51
1774594807,96.51
1774594808,96.51
1774594809,96.51
1774594810,96.51
1774594811,96.53
1774594812,96.53
1774594813,96.53
1774594814,96.53
1774594815,96.53
1774594816,96.52
1774594817,96.52
1774594818,96.52
1774594819,96.51
1774594820,96.51
1774594821,96.51
1774594822,96.51
1774594823,96.51
1774594824,96.51
1774594825,96.51
1774594826,96.51
1774594827,96.51
1774594828,96.53
1774594829,96.53
1774594830,96.53
1774594831,96.53
1774594832,96.53
1774594833,96.54
1774594834,96.54
1774594835,96.58
1774594836,96.58
1774594837,96.58
1774594838,96.58
1774594839,96.57
1774594840,96.57
1774594841,96.57
1774594842,96.57
1774594843,96.57
1774594844,96.57
1774594845,96.57
1774594846,96.57
1774594847,96.57
1774594848,96.56
1774594849,96.56
1774594850,96.56
1774594851,96.56
1774594852,96.56
1774594854,96.56
1774594855,96.56
1774594856,96.55
1774594857,96.55
1774594858,96.55
1774594859,96.55
1774594860,96.55
1774594861,96.55
1774594862,96.55
1774594863,96.55
1774594864,96.55
1774594865,96.55
1774594866,96.55
1774594867,96.55
1774594868,96.59
1774594869,96.59
1774594870,96.59
1774594871,96.59
1774594872,96.59
1774594873,96.59
1774594874,96.58
1774594875,96.58
1774594876,96.58
1774594877,96.58
1774594878,96.58
1774594879,96.58
1774594880,96.58
1774594881,96.58
1774594882,96.58
1774594883,96.58
1774594884,96.58
1774594885,96.58
1774594886,96.58
1774594887,96.58
1774594888,96.58
1774594889,96.58
1774594890,96.58
1774594891,96.58
1774594892,96.58
1774594893,96.58
1774594894,96.62
1774594895,96.62
1774594896,96.62
1774594897,96.62
1774594898,96.62
1774594899,96.61
1774594900,96.61
1774594901,96.61
1774594902,96.61
1774594903,96.62
1774594904,96.62
1774594905,96.62
1774594906,96.63
1774594907,96.63
1774594908,96.63
1774594909,96.63
1774594910,96.63
1774594911,96.63
1774594912,96.63
1774594913,96.64
1774594914,96.64
1774594915,96.63
1774594916,96.63
1774594917,96.63
1774594918,96.63
1774594919,96.63
1774594920,96.63
1774594921,96.63
1774594922,96.63
1774594923,96.63
1774594924,96.63
1774594925,96.63
1774594926,96.63
1774594927,96.62
1774594928,96.62
1774594929,96.62
1774594930,96.62
1774594931,96.62
1774594932,96.62
1774594933,96.62
1774594934,96.62
1774594935,96.62
1774594936,96.62
1774594937,96.62
1774594938,96.62
1774594939,96.62
1774594940,96.62
1774594941,96.62
1774594942,96.62
1774594943,96.62
1774594944,96.62
1774594945,96.62
1774594946,96.62
1774594947,96.62
1774594948,96.62
1774594949,96.62
1774594950,96.62
1774594951,96.61
1774594952,96.61
1774594953,96.61
1774594954,96.61
1774594955,96.61
1774594957,96.61
1774594958,96.61
1774594959,96.61
1774594960,96.61
1774594961,96.61
1774594962,96.61
1774594963,96.61
1774594964,96.61
1774594965,96.61
1774594966,96.61
1774594967,96.61
1774594968,96.61
1774594969,96.61
1774594970,96.61
1774594971,96.61
1774594972,96.61
1774594973,96.61
1774594974,96.61
1774594975,96.61
1774594976,96.62
1774594977,96.61
1774594978,96.61
1774594979,96.61
1774594980,96.60
1774594981,96.60
1774594982,96.60
1774594983,96.60
1774594984,96.59
1774594985,96.59
1774594986,96.59
1774594987,96.59
1774594988,96.58
1774594989,96.58
1774594990,96.58
1774594991,96.58
1774594992,96.58
1774594993,96.58
1774594994,96.58
1774594995,96.58
1774594996,96.58
1774594997,96.58
1774594998,96.58
1774594999,96.58
1774595000,96.58
1774595001,96.58
1774595002,96.58
1774595003,96.58
1774595004,96.57
1774595005,96.57
1774595006,96.57
1774595007,96.57
1774595008,96.57
1774595009,96.57
1774595010,96.57
1774595011,96.57
1774595012,96.57
1774595013,96.57
1774595014,96.56
1774595015,96.56
1774595016,96.56
1774595017,96.60
1774595018,96.60
1774595019,96.60
1774595020,96.60
1774595021,96.60
1774595022,96.60
1774595023,96.60
1774595024,96.60
1774595025,96.60
1774595026,96.60
1774595027,96.60
1774595028,96.60
1774595029,96.60
1774595030,96.60
1774595031,96.60
1774595032,96.60
1774595033,96.59
1774595034,96.59
1774595035,96.59
1774595036,96.59
1774595037,96.59
1774595038,96.60
1774595039,96.60
1774595040,96.60
1774595041,96.62
1774595042,96.62
1774595043,96.62
1774595044,96.62
1774595045,96.62
1774595046,96.64
1774595047,96.63
1774595048,96.63
1774595049,96.63
1774595050,96.63
1774595051,96.62
1774595052,96.62
1774595053,96.62
1774595054,96.62
1774595055,96.63
1774595056,96.63
1774595057,96.63
1774595058,96.62
1774595059,96.62
1774595060,96.62
1774595061,96.62
1774595063,96.62
1774595064,96.62
1774595065,96.62
1774595066,96.62
1774595067,96.62
1774595068,96.62
1774595069,96.62
1774595070,96.62
1774595071,96.62
1774595072,96.62
1774595073,96.62
1774595074,96.61
1774595075,96.61
1774595076,96.60
1774595077,96.60
1774595078,96.60
1774595079,96.60
1774595080,96.60
1774595081,96.60
1774595082,96.60
1774595083,96.60
1774595084,96.60
1774595085,96.60
1774595086,96.60
1774595087,96.60
1774595088,96.61
1774595089,96.60
1774595090,96.60
1774595091,96.60
1774595092,96.60
1774595093,96.59
1774595094,96.59
1774595095,96.59
1774595096,96.59
1774595097,96.59
1774595098,96.59
1774595099,96.59
1774595100,96.58
1774595101,96.58
1774595102,96.58
1774595103,96.58
1774595104,96.58
1774595105,96.58
1774595106,96.58
1774595107,96.58
1774595108,96.58
1774595109,96.58
1774595110,96.58
1774595111,96.58
1774595112,96.57
1774595113,96.57
1774595114,96.56
1774595115,96.57
1774595116,96.56
1774595117,96.56
1774595118,96.56
1774595119,96.56
1774595120,96.56
1774595121,96.55
1774595122,96.56
1774595123,96.56
1774595124,96.55
1774595125,96.55
1774595126,96.55
1774595127,96.57
1774595128,96.56
1774595129,96.56
1774595130,96.56
1774595131,96.56
1774595132,96.57
1774595133,96.57
1774595134,96.56
1774595135,96.56
1774595136,96.56
1774595137,96.56
1774595138,96.56
1774595139,96.56
1774595140,96.56
1774595141,96.56
1774595142,96.56
1774595143,96.56
1774595144,96.56
1774595145,96.56
1774595146,96.56
1774595147,96.56
1774595148,96.56
1774595149,96.56
1774595150,96.55
1774595151,96.54
1774595152,96.54
1774595153,96.53
1774595154,96.53
1774595155,96.53
1774595156,96.53
1774595157,96.53
1774595158,96.53
1774595159,96.53
1774595160,96.53
1774595161,96.53
1774595162,96.53
1774595163,96.53
1774595164,96.53
1774595165,96.53
1774595166,96.53
1774595168,96.53
1774595169,96.52
1774595170,96.52
1774595171,96.52
1774595172,96.52
1774595173,96.52
1774595174,96.51
1774595175,96.51
1774595176,96.51
1774595177,96.51
1774595178,96.50
1774595179,96.50
1774595180,96.50
1774595181,96.50
1774595182,96.50
1774595183,96.50
1774595184,96.50
1774595185,96.51
1774595186,96.50
1774595187,96.50
1774595188,96.50
1774595189,96.50
1774595190,96.50
1774595191,96.50
1774595192,96.50
1774595193,96.50
1774595194,96.50
1774595195,96.50
1774595196,96.50
1774595197,96.50
1774595198,96.50
1774595199,96.50
1774595200,96.50
1774595201,96.50
1774595202,96.50
1774595203,96.49
1774595204,96.49
1774595205,96.49
1774595206,96.49
1774595207,96.49
1774595208,96.49
1774595209,96.49
1774595210,96.48
1774595211,96.49
1774595212,96.48
1774595213,96.48
1774595214,96.48
1774595215,96.48
1774595216,96.48
1774595217,96.47
1774595218,96.47
1774595219,96.47
1774595220,96.50
1774595221,96.50
1774595222,96.50
1774595223,96.50
1774595224,96.52
1774595225,96.52
1774595226,96.52
1774595227,96.52
1774595228,96.51
1774595229,96.51
1774595230,96.56
1774595231,96.60
1774595232,96.60
1774595233,96.59
1774595234,96.59
1774595235,96.59
1774595236,96.59
1774595237,96.59
1774595238,96.59
1774595239,96.58
1774595240,96.58
1774595241,96.58
1774595242,96.58
1774595243,96.58
1774595244,96.58
1774595245,96.57
1774595246,96.57
1774595247,96.57
1774595248,96.57
1774595249,96.57
1774595250,96.57
1774595251,96.57
1774595252,96.57
1774595253,96.57
1774595254,96.57
1774595255,96.57
1774595256,96.57
1774595257,96.57
1774595258,96.56
1774595259,96.56
1774595260,96.56
1774595261,96.56
1774595262,96.56
1774595263,96.56
1774595264,96.56
1774595265,96.59
1774595266,96.54
1774595267,96.52
1774595268,96.52
1774595269,96.52
1774595270,96.52
1774595271,96.52
1774595272,96.51
1774595273,96.51
1774595274,96.51
1774595275,96.51
1774595276,96.51
1774595277,96.51
1774595278,96.51
1774595279,96.51
1774595280,96.51
1774595281,96.51
1774595282,96.51
1774595283,96.51
1774595284,96.51
1774595285,96.51
1774595286,96.53
1774595287,96.53
1774595288,96.53
1774595290,96.53
1774595291,96.53
1774595292,96.52
1774595293,96.51
1774595294,96.51
1774595295,96.51
1774595296,96.55
1774595297,96.55
1774595298,96.55
1774595299,96.55
1774595300,96.55
1774595301,96.55
1774595302,96.55
1774595303,96.57
1774595304,96.57
1774595305,96.56
1774595306,96.56
1774595307,96.56
1774595308,96.57
1774595309,96.57
1774595310,96.57
1774595311,96.57
1774595312,96.57
1774595313,96.57
1774595314,96.57
1774595315,96.57
1774595316,96.57
1774595317,96.57
1774595318,96.59
1774595319,96.59
1774595320,96.59
1774595321,96.58
1774595322,96.58
1774595323,96.58
1774595324,96.58
1774595325,96.58
1774595326,96.58
1774595327,96.58
1774595328,96.57
1774595329,96.57
1774595330,96.57
1774595331,96.57
1774595332,96.56
1774595333,96.57
1774595334,96.56
1774595335,96.56
1774595336,96.56
1774595337,96.55
1774595338,96.55
1774595339,96.55
1774595340,96.54
1774595341,96.53
1774595342,96.53
1774595343,96.53
1774595344,96.53
1774595345,96.52
1774595346,96.54
1774595347,96.54
1774595348,96.54
1774595349,96.54
1774595350,96.54
1774595351,96.54
1774595352,96.53
1774595353,96.53
1774595354,96.54
1774595355,96.54
1774595356,96.54
1774595357,96.54
1774595358,96.54
1774595359,96.53
1774595360,96.53
1774595361,96.53
1774595362,96.52
1774595363,96.52
1774595364,96.52
1774595365,96.52
1774595366,96.54
1774595367,96.53
1774595368,96.53
1774595369,96.53
1774595370,96.53
1774595371,96.53
1774595372,96.53
1774595373,96.53
1774595374,96.53
1774595375,96.53
1774595376,96.53
1774595377,96.53
1774595378,96.53
1774595379,96.53
1774595380,96.53
1774595381,96.53
1774595382,96.53
1774595383,96.53
1774595384,96.53
1774595385,96.53
1774595386,96.53
1774595387,96.53
1774595388,96.53
1774595389,96.53
1774595390,96.52
1774595391,96.52
1774595392,96.52
1774595393,96.52
1774595394,96.52
1774595395,96.52
1774595396,96.52
1774595397,96.52
1774595398,96.51
1774595399,96.51
1774595400,96.51
1774595401,96.51
1774595402,96.51
1774595403,96.51
1774595404,96.51
1774595405,96.53
1774595406,96.52
1774595407,96.52
1774595409,96.51
1774595410,96.52
1774595411,96.52
1774595412,96.52
1774595413,96.52
1774595414,96.51
1774595415,96.51
1774595416,96.51
1774595417,96.51
1774595418,96.51
1774595419,96.51
1774595420,96.50
1774595421,96.50
1774595422,96.50
1774595423,96.49
1774595424,96.49
1774595425,96.49
1774595426,96.49
1774595427,96.49
1774595428,96.49
1774595429,96.49
1774595430,96.49
1774595431,96.49
1774595432,96.49
1774595433,96.49
1774595434,96.49
1774595435,96.49
1774595436,96.49
1774595437,96.49
1774595438,96.49
1774595439,96.49
1774595440,96.49
1774595441,96.49
1774595442,96.49
1774595443,96.49
1774595444,96.49
1774595445,96.49
1774595446,96.49
1774595447,96.49
1774595448,96.49
1774595449,96.49
1774595450,96.49
1774595451,96.49
1774595452,96.49
1774595453,96.49
1774595454,96.49
1774595455,96.49
1774595456,96.49
1774595457,96.49
1774595458,96.49
1774595459,96.49
1774595460,96.49
1774595461,96.49
1774595462,96.49
1774595463,96.49
1774595464,96.49
1774595465,96.49
1774595466,96.49
1774595467,96.49
1774595468,96.51
1774595469,96.51
1774595470,96.50
1774595471,96.50
1774595472,96.50
1774595473,96.50
1774595474,96.50
1774595475,96.50
1774595476,96.50
1774595477,96.50
1774595478,96.50
1774595479,96.50
1774595480,96.50
1774595481,96.50
1774595482,96.50
1774595483,96.50
1774595484,96.50
1774595485,96.50
1774595486,96.50
1774595487,96.49
1774595488,96.49
1774595489,96.49
1774595490,96.49
1774595491,96.49
1774595492,96.49
1774595493,96.49
1774595494,96.49
1774595495,96.49
1774595496,96.46
1774595497,96.46
1774595498,96.47
1774595499,96.47
1774595500,96.46
1774595501,96.46
1774595502,96.46
1774595503,96.46
1774595504,96.50
1774595505,96.51
1774595506,96.51
1774595507,96.51
1774595508,96.51
1774595509,96.51
1774595510,96.51
1774595511,96.51
1774595512,96.51
1774595513,96.51
1774595514,96.51
1774595515,96.51
1774595516,96.51
1774595518,96.51
1774595519,96.51
1774595520,96.50
1774595521,96.50
1774595522,96.50
1774595523,96.50
1774595524,96.50
1774595525,96.50
1774595526,96.50
1774595527,96.50
1774595528,96.49
1774595529,96.49
1774595530,96.49
1774595531,96.49
1774595532,96.50
1774595533,96.50
1774595534,96.50
1774595535,96.50
1774595536,96.50
1774595537,96.49
1774595538,96.49
1774595539,96.49
1774595540,96.49
1774595541,96.49
1774595542,96.49
1774595543,96.49
1774595544,96.49
1774595545,96.48
1774595546,96.48
1774595547,96.48
1774595548,96.48
1774595549,96.47
1774595550,96.47
1774595551,96.47
1774595552,96.47
1774595553,96.47
1774595554,96.46
1774595555,96.46
1774595556,96.46
1774595557,96.46
1774595558,96.46
1774595559,96.46
1774595560,96.45
1774595561,96.45
1774595562,96.45
1774595563,96.44
1774595564,96.44
1774595565,96.44
1774595566,96.44
1774595567,96.44
1774595568,96.44
1774595569,96.44
1774595570,96.43
1774595571,96.43
1774595572,96.42
1774595573,96.42
1774595574,96.41
1774595575,96.41
1774595576,96.41
1774595577,96.41
1774595578,96.41
1774595579,96.41
1774595580,96.41
1774595581,96.41
1774595582,96.42
1774595583,96.42
1774595584,96.42
1774595585,96.42
1774595586,96.42
1774595587,96.42
1774595588,96.42
1774595589,96.41
1774595590,96.42
1774595591,96.42
1774595592,96.42
1774595593,96.42
1774595594,96.41
1774595595,96.42
1774595596,96.41
1774595597,96.41
1774595598,96.46
1774595599,96.46
1774595600,96.46
1774595601,96.46
1774595602,96.46
1774595603,96.46
1774595604,96.46
1774595605,96.46
1774595606,96.45
1774595607,96.45
1774595608,96.45
1774595609,96.45
1774595610,96.45
1774595611,96.45
1774595612,96.45
1774595613,96.45
1774595614,96.45
1774595615,96.45
1774595616,96.45
1774595617,96.45
1774595618,96.45
1774595619,96.46
1774595620,96.45
1774595621,96.45
1774595622,96.45
1774595623,96.45
1774595624,96.44
1774595625,96.43
1774595626,96.43
1774595627,96.43
1774595628,96.43
1774595629,96.43
1774595630,96.43
1774595631,96.50
1774595633,96.49
1774595634,96.49
1774595635,96.49
1774595636,96.49
1774595637,96.48
1774595638,96.48
1774595639,96.48
1774595640,96.47
1774595641,96.47
1774595642,96.46
1774595643,96.46
1774595644,96.46
1774595645,96.46
1774595646,96.46
1774595647,96.46
1774595648,96.45
1774595649,96.45
1774595650,96.45
1774595651,96.45
1774595652,96.46
1774595653,96.45
1774595654,96.45
1774595655,96.45
1774595656,96.45
1774595657,96.45
1774595658,96.45
1774595659,96.45
1774595660,96.45
1774595661,96.45
1774595662,96.45
1774595663,96.45
1774595664,96.45
1774595665,96.44
1774595666,96.44
1774595667,96.44
1774595668,96.43
1774595669,96.44
1774595670,96.44
1774595671,96.43
1774595672,96.44
1774595673,96.44
1774595674,96.45
1774595675,96.50
1774595676,96.49
1774595677,96.48
1774595678,96.48
1774595679,96.47
1774595680,96.47
1774595681,96.47
1774595682,96.47
1774595683,96.49
1774595684,96.49
1774595685,96.49
1774595686,96.49
1774595687,96.48
1774595688,96.49
1774595689,96.49
1774595690,96.48
1774595691,96.48
1774595692,96.48
1774595693,96.48
1774595694,96.48
1774595695,96.47
1774595696,96.47
1774595697,96.46
1774595698,96.46
1774595699,96.46
1774595700,96.46
1774595701,96.46
1774595702,96.46
1774595703,96.46
1774595704,96.46
1774595705,96.46
1774595706,96.46
1774595707,96.46
1774595708,96.45
1774595709,96.45
1774595710,96.45
1774595711,96.45
1774595712,96.45
1774595713,96.45
1774595714,96.45
1774595715,96.45
1774595716,96.45
1774595717,96.44
1774595718,96.44
1774595719,96.44
1774595720,96.44
1774595721,96.44
1774595722,96.44
1774595723,96.44
1774595724,96.44
1774595725,96.44
1774595726,96.44
1774595727,96.44
1774595728,96.44
1774595729,96.44
1774595730,96.45
1774595731,96.46
1774595732,96.45
1774595733,96.45
1774595734,96.45
1774595735,96.44
1774595736,96.44
1774595737,96.44
1774595738,96.44
1774595739,96.44
1774595740,96.44
1774595741,96.44
1774595742,96.44
1774595743,96.44
1774595744,96.44
1774595745,96.44
1774595746,96.44
1774595747,96.44
1774595749,96.44
1774595750,96.44
1774595751,96.44
1774595752,96.44
1774595753,96.44
1774595754,96.44
1774595755,96.44
1774595756,96.43
1774595757,96.43
1774595758,96.43
1774595759,96.43
1774595760,96.43
1774595761,96.43
1774595762,96.43
1774595763,96.47
1774595764,96.47
1774595765,96.47
1774595766,96.47
1774595767,96.47
1774595768,96.47
1774595769,96.47
1774595770,96.47
1774595771,96.47
1774595772,96.47
1774595773,96.47
1774595774,96.47
1774595775,96.47
1774595776,96.47
1774595777,96.47
1774595778,96.46
1774595779,96.46
1774595780,96.46
1774595781,96.46
1774595782,96.46
1774595783,96.45
1774595784,96.45
1774595785,96.45
1774595786,96.45
1774595787,96.45
1774595788,96.45
1774595789,96.45
1774595790,96.45
1774595791,96.50
1774595792,96.50
1774595793,96.50
1774595794,96.49
1774595795,96.49
1774595796,96.49
1774595797,96.49
1774595798,96.49
1774595799,96.49
1774595800,96.49
1774595801,96.49
1774595802,96.48
1774595803,96.48
1774595804,96.48
1774595805,96.48
1774595806,96.48
1774595807,96.53
1774595808,96.52
1774595809,96.52
1774595810,96.52
1774595811,96.52
1774595812,96.52
1774595813,96.52
1774595814,96.52
1774595815,96.52
1774595816,96.51
1774595817,96.51
1774595818,96.51
1774595819,96.51
1774595820,96.51
1774595821,96.51
1774595822,96.51
1774595823,96.50
1774595824,96.50
1774595825,96.50
1774595826,96.49
1774595827,96.49
1774595828,96.49
1774595829,96.49
1774595830,96.49
1774595831,96.49
1774595832,96.49
1774595833,96.49
1774595834,96.49
1774595835,96.49
1774595836,96.49
1774595837,96.49
1774595838,96.49
1774595839,96.49
1774595840,96.48
1774595841,96.48
1774595842,96.48
1774595843,96.48
1774595844,96.53
1774595845,96.52
1774595846,96.52
1774595847,96.52
1774595848,96.55
1774595849,96.54
1774595850,96.54
1774595851,96.54
1774595852,96.53
1774595853,96.53
1774595854,96.53
1774595855,96.53
1774595856,96.53
1774595857,96.53
1774595858,96.53
1774595859,96.53
1774595860,96.52
1774595861,96.52
1774595862,96.52
1774595863,96.52
1774595864,96.51
1774595866,96.51
1774595867,96.51
1774595868,96.52
1774595869,96.51
1774595870,96.51
1774595871,96.51
1774595872,96.51
1774595873,96.51
1774595874,96.51
1774595875,96.51
1774595876,96.51
1774595877,96.51
1774595878,96.51
1774595879,96.51
1774595880,96.51
1774595881,96.51
1774595882,96.51
1774595883,96.51
1774595884,96.51
1774595885,96.51
1774595886,96.51
1774595887,96.51
1774595888,96.50
1774595889,96.50
1774595890,96.50
1774595891,96.50
1774595892,96.50
1774595893,96.50
1774595894,96.50
1774595895,96.50
1774595896,96.50
1774595897,96.50
1774595898,96.50
1774595899,96.50
1774595900,96.50
1774595901,96.50
1774595902,96.50
1774595903,96.51
1774595904,96.51
1774595905,96.51
1774595906,96.51
1774595907,96.51
1774595908,96.51
1774595909,96.51
1774595910,96.51
1774595911,96.51
1774595912,96.51
1774595913,96.51
1774595914,96.51
1774595915,96.51
1774595916,96.51
1774595917,96.51
1774595918,96.51
1774595919,96.51
1774595920,96.51
1774595921,96.51
1774595922,96.51
1774595923,96.51
1774595924,96.51
1774595925,96.51
1774595926,96.55
1774595927,96.55
1774595928,96.54
1774595929,96.54
1774595930,96.54
1774595931,96.54
1774595932,96.54
1774595933,96.54
1774595934,96.54
1774595935,96.54
1774595936,96.53
1774595937,96.53
1774595938,96.53
1774595939,96.53
1774595940,96.53
1774595941,96.53
1774595942,96.53
1774595943,96.53
1774595944,96.53
1774595945,96.54
1774595946,96.54
1774595947,96.54
1774595948,96.55
1774595949,96.55
1774595950,96.55
1774595951,96.55
1774595952,96.55
1774595953,96.55
1774595954,96.55
1774595955,96.55
1774595956,96.55
1774595957,96.55
1774595958,96.55
1774595959,96.55
1774595960,96.55
1774595961,96.54
1774595962,96.54
1774595963,96.54
1774595964,96.54
1774595965,96.54
1774595966,96.54
1774595967,96.54
1774595968,96.54
1774595969,96.54
1774595970,96.57
1774595971,96.57
1774595972,96.57
1774595973,96.57
1774595974,96.58
1774595975,96.57
1774595976,96.57
1774595977,96.57
1774595978,96.57
1774595979,96.57
1774595980,96.57
1774595981,96.56
1774595982,96.54
1774595983,96.54
1774595985,96.54
1774595986,96.54
1774595987,96.54
1774595988,96.54
1774595989,96.54
1774595990,96.54
1774595991,96.54
1774595992,96.54
1774595993,96.54
1774595994,96.54
1774595995,96.53
1774595996,96.53
1774595997,96.53
1774595998,96.53
1774595999,96.53
1774596000,96.53
1774596001,96.52
1774596002,96.52
1774596003,96.52
1774596004,96.52
1774596005,96.52
1774596006,96.57
1774596007,96.57
1774596008,96.57
1774596009,96.56
1774596010,96.56
1774596011,96.56
1774596012,96.56
1774596013,96.56
1774596014,96.56
1774596015,96.56
1774596016,96.56
1774596017,96.56
1774596018,96.56
1774596019,96.57
1774596020,96.57
1774596021,96.57
1774596022,96.57
1774596023,96.57
1774596024,96.57
1774596025,96.57
1774596026,96.60
1774596027,96.60
1774596028,96.59
1774596029,96.59
1774596030,96.59
1774596031,96.60
1774596032,96.59
1774596033,96.59
1774596034,96.58
1774596035,96.57
1774596036,96.57
1774596037,96.56
1774596038,96.56
1774596039,96.56
1774596040,96.56
1774596041,96.56
1774596042,96.56
1774596043,96.56
1774596044,96.56
1774596045,96.56
1774596046,96.56
1774596047,96.56
1774596048,96.55
1774596049,96.55
1774596050,96.55
1774596051,96.54
1774596052,96.54
1774596053,96.54
1774596054,96.54
1774596055,96.53
1774596056,96.53
1774596057,96.53
1774596058,96.53
1774596059,96.53
1774596060,96.53
1774596061,96.53
1774596062,96.53
1774596063,96.53
1774596064,96.53
1774596065,96.53
1774596066,96.53
1774596067,96.53
1774596068,96.53
1774596069,96.52
1774596070,96.52
1774596071,96.51
1774596072,96.51
1774596073,96.51
1774596074,96.51
1774596075,96.50
1774596076,96.50
1774596077,96.50
1774596078,96.54
1774596079,96.54
1774596080,96.54
1774596081,96.54
1774596082,96.54
1774596083,96.54
1774596084,96.55
1774596085,96.54
1774596086,96.54
1774596087,96.54
1774596088,96.53
1774596089,96.53
1774596090,96.53
1774596091,96.53
1774596092,96.53
1774596093,96.53
1774596095,96.53
1774596096,96.53
1774596097,96.53
1774596098,96.53
1774596099,96.53
1774596100,96.53
1774596101,96.53
1774596102,96.53
1774596103,96.53
1774596104,96.53
1774596105,96.53
1774596106,96.52
1774596107,96.52
1774596108,96.52
1774596109,96.52
1774596110,96.52
1774596111,96.52
1774596112,96.52
1774596113,96.52
1774596114,96.52
1774596115,96.52
1774596116,96.52
1774596117,96.52
1774596118,96.52
1774596119,96.50
1774596120,96.55
1774596121,96.54
1774596122,96.54
1774596123,96.54
1774596124,96.55
1774596125,96.55
1774596126,96.55
1774596127,96.54
1774596128,96.54
1774596129,96.54
1774596130,96.54
1774596131,96.54
1774596132,96.54
1774596133,96.54
1774596134,96.54
1774596135,96.54
1774596136,96.54
1774596137,96.54
1774596138,96.54
1774596139,96.54
1774596140,96.53
1774596141,96.53
1774596142,96.53
1774596143,96.56
1774596144,96.56
1774596145,96.56
1774596146,96.56
1774596147,96.56
1774596148,96.56
1774596149,96.55
1774596150,96.55
1774596151,96.55
1774596152,96.55
1774596153,96.55
1774596154,96.55
1774596155,96.55
1774596156,96.55
1774596157,96.55
1774596158,96.55
1774596159,96.55
1774596160,96.55
1774596161,96.55
1774596162,96.58
1774596163,96.57
1774596164,96.59
1774596165,96.59
1774596166,96.59
1774596167,96.59
1774596168,96.59
1774596169,96.59
1774596170,96.58
1774596171,96.58
1774596172,96.58
1774596173,96.58
1774596174,96.58
1774596175,96.58
1774596176,96.58
1774596177,96.57
1774596178,96.57
1774596179,96.56
1774596180,96.56
1774596181,96.55
1774596182,96.56
1774596183,96.56
1774596184,96.55
1774596185,96.54
1774596186,96.54
1774596187,96.54
1774596188,96.54
1774596189,96.53
1774596190,96.53
1774596191,96.53
1774596192,96.53
1774596193,96.53
1774596194,96.53
1774596195,96.53
1774596196,96.52
1774596197,96.52
1774596199,96.52
1774596200,96.52
1774596201,96.52
1774596202,96.52
1774596203,96.52
1774596204,96.52
1774596205,96.51
1774596206,96.51
1774596207,96.51
1774596208,96.51
1774596209,96.51
1774596210,96.50
1774596211,96.50
1774596212,96.50
1774596213,96.50
1774596214,96.52
1774596215,96.52
1774596216,96.51
1774596217,96.51
1774596218,96.55
1774596219,96.54
1774596220,96.54
1774596221,96.53
1774596222,96.53
1774596223,96.53
1774596224,96.53
1774596225,96.53
1774596226,96.57
1774596227,96.56
1774596228,96.55
1774596229,96.55
1774596230,96.54
1774596231,96.56
1774596232,96.55
1774596233,96.55
1774596234,96.55
1774596235,96.54
1774596236,96.54
1774596237,96.54
1774596238,96.54
1774596239,96.54
1774596240,96.53
1774596241,96.53
1774596242,96.53
1774596243,96.53
1774596244,96.53
1774596245,96.53
1774596246,96.52
1774596247,96.52
1774596248,96.52
1774596249,96.52
1774596250,96.52
1774596251,96.52
1774596252,96.52
1774596253,96.52
1774596254,96.52
1774596255,96.52
1774596256,96.52
1774596257,96.52
1774596258,96.52
1774596259,96.52
1774596260,96.52
1774596261,96.52
1774596262,96.52
1774596263,96.54
1774596264,96.56
1774596265,96.55
1774596266,96.55
1774596267,96.55
1774596268,96.55
1774596269,96.55
1774596270,96.55
1774596271,96.55
1774596272,96.54
1774596273,96.54
1774596274,96.54
1774596275,96.54
1774596276,96.54
1774596277,96.54
1774596278,96.54
1774596279,96.54
1774596280,96.54
1774596281,96.54
1774596282,96.54
1774596283,96.53
1774596284,96.53
1774596285,96.53
1774596286,96.53
1774596287,96.53
1774596288,96.53
1774596289,96.52
1774596290,96.52
1774596291,96.51
1774596292,96.51
1774596293,96.51
1774596294,96.51
1774596295,96.51
1774596296,96.51
1774596297,96.51
1774596298,96.51
1774596299,96.51
1774596300,96.51
1774596301,96.51
1774596302,96.51
1774596303,96.53
1774596305,96.53
1774596306,96.52
1774596307,96.52
1774596308,96.52
1774596309,96.51
1774596310,96.51
1774596311,96.51
1774596312,96.51
1774596313,96.51
1774596314,96.51
1774596315,96.51
1774596316,96.51
1774596317,96.52
1774596318,96.52
1774596319,96.52
1774596320,96.52
1774596321,96.51
1774596322,96.51
1774596323,96.51
1774596324,96.51
1774596325,96.51
1774596326,96.51
1774596327,96.55
1774596328,96.55
1774596329,96.55
1774596330,96.55
1774596331,96.55
1774596332,96.55
1774596333,96.54
1774596334,96.54
1774596335,96.54
1774596336,96.54
1774596337,96.54
1774596338,96.54
1774596339,96.54
1774596340,96.54
1774596341,96.54
1774596342,96.54
1774596343,96.54
1774596344,96.54
1774596345,96.53
1774596346,96.53
1774596347,96.53
1774596348,96.53
1774596349,96.53
1774596350,96.53
1774596351,96.53
1774596352,96.53
1774596353,96.53
1774596354,96.53
1774596355,96.54
1774596356,96.54
1774596357,96.54
1774596358,96.54
1774596359,96.54
1774596360,96.55
1774596361,96.55
1774596362,96.55
1774596363,96.54
1774596364,96.54
1774596365,96.54
1774596366,96.54
1774596367,96.54
1774596368,96.54
1774596369,96.56
1774596370,96.56
1774596371,96.56
1774596372,96.56
1774596373,96.56
1774596374,96.56
1774596375,96.57
1774596376,96.57
1774596377,96.56
1774596378,96.56
1774596379,96.56
1774596380,96.58
1774596381,96.58
1774596382,96.58
1774596383,96.58
1774596384,96.58
1774596385,96.57
1774596386,96.57
1774596387,96.57
1774596388,96.57
1774596389,96.56
1774596390,96.59
1774596391,96.59
1774596392,96.58
1774596393,96.58
1774596394,96.57
1774596395,96.57
1774596396,96.57
1774596397,96.56
1774596398,96.57
1774596399,96.56
1774596400,96.56
1774596401,96.56
1774596402,96.55
1774596403,96.58
1774596404,96.58
1774596405,96.58
1774596406,96.58
1774596407,96.57
1774596408,96.57
1774596409,96.57
1774596411,96.57
1774596412,96.57
1774596413,96.57
1774596414,96.57
1774596415,96.57
1774596416,96.57
1774596417,96.56
1774596418,96.56
1774596419,96.56
1774596420,96.56
1774596421,96.56
1774596422,96.56
1774596423,96.56
1774596424,96.56
1774596425,96.56
1774596426,96.57
1774596427,96.57
1774596428,96.57
1774596429,96.59
1774596430,96.59
1774596431,96.58
1774596432,96.58
1774596433,96.58
1774596434,96.58
1774596435,96.58
1774596436,96.57
1774596437,96.57
1774596438,96.57
1774596439,96.57
1774596440,96.57
1774596441,96.57
1774596442,96.57
1774596443,96.57
1774596444,96.57
1774596445,96.57
1774596446,96.57
1774596447,96.57
1774596448,96.57
1774596449,96.57
1774596450,96.56
1774596451,96.58
1774596452,96.57
1774596453,96.57
1774596454,96.57
1774596455,96.57
1774596456,96.56
1774596457,96.56
1774596458,96.56
1774596459,96.55
1774596460,96.55
1774596461,96.55
1774596462,96.55
1774596463,96.55
1774596464,96.55
1774596465,96.55
1774596466,96.55
1774596467,96.55
1774596468,96.55
1774596469,96.55
1774596470,96.55
1774596471,96.54
1774596472,96.54
1774596473,96.54
1774596474,96.54
1774596475,96.54
1774596476,96.54
1774596477,96.54
1774596478,96.54
1774596479,96.56
1774596480,96.55
1774596481,96.55
1774596482,96.55
1774596483,96.55
1774596484,96.54
1774596485,96.54
1774596486,96.54
1774596487,96.54
1774596488,96.53
1774596489,96.53
1774596490,96.53
1774596491,96.53
1774596492,96.53
1774596493,96.53
1774596494,96.53
1774596495,96.53
1774596496,96.53
1774596497,96.53
1774596498,96.53
1774596499,96.53
1774596500,96.53
1774596501,96.53
1774596502,96.53
1774596503,96.53
1774596504,96.53
1774596505,96.53
1774596506,96.53
1774596507,96.53
1774596508,96.53
1774596509,96.53
1774596510,96.53
1774596511,96.53
1774596512,96.53
1774596513,96.53
1774596514,96.52
1774596515,96.52
1774596516,96.52
1774596517,96.52
1774596518,96.52
1774596519,96.52
1774596521,96.52
1774596522,96.52
1774596523,96.52
1774596524,96.52
1774596525,96.51
1774596526,96.51
1774596527,96.56
1774596528,96.55
1774596529,96.55
1774596530,96.55
1774596531,96.55
1774596532,96.55
1774596533,96.55
1774596534,96.54
1774596535,96.54
1774596536,96.54
1774596537,96.54
1774596538,96.54
1774596539,96.54
1774596540,96.54
1774596541,96.53
1774596542,96.53
1774596543,96.53
1774596544,96.53
1774596545,96.53
1774596546,96.53
1774596547,96.53
1774596548,96.53
1774596549,96.53
1774596550,96.53
1774596551,96.53
1774596552,96.53
1774596553,96.53
1774596554,96.53
1774596555,96.52
1774596556,96.52
1774596557,96.52
1774596558,96.52
1774596559,96.54
1774596560,96.54
1774596561,96.53
1774596562,96.53
1774596563,96.52
1774596564,96.52
1774596565,96.52
1774596566,96.52
1774596567,96.52
1774596568,96.51
1774596569,96.51
1774596570,96.51
1774596571,96.50
1774596572,96.50
1774596573,96.50
1774596574,96.50
1774596575,96.50
1774596576,96.50
1774596577,96.50
1774596578,96.50
1774596579,96.50
1774596580,96.50
1774596581,96.50
1774596582,96.50
1774596583,96.49
1774596584,96.49
1774596585,96.49
1774596586,96.49
1774596587,96.49
1774596588,96.49
1774596589,96.49
1774596590,96.49
1774596591,96.49
1774596592,96.48
1774596593,96.48
1774596594,96.48
1774596595,96.48
1774596596,96.48
1774596597,96.48
1774596598,96.48
1774596599,96.48
1774596600,96.48
1774596601,96.48
1774596602,96.48
1774596603,96.48
1774596604,96.48
1774596605,96.48
1774596606,96.48
1774596607,96.48
1774596608,96.48
1774596609,96.48
1774596610,96.48
1774596611,96.48
1774596612,96.48
1774596613,96.47
1774596614,96.47
1774596615,96.47
1774596616,96.47
1774596617,96.47
1774596618,96.46
1774596619,96.46
1774596620,96.46
1774596621,96.46
1774596622,96.46
1774596623,96.46
1774596624,96.46
1774596625,96.46
1774596627,96.46
1774596628,96.46
1774596629,96.46
1774596630,96.46
1774596631,96.46
1774596632,96.46
1774596633,96.46
1774596634,96.46
1774596635,96.46
1774596636,96.46
1774596637,96.46
1774596638,96.46
1774596639,96.46
1774596640,96.46
1774596641,96.46
1774596642,96.46
1774596643,96.46
1774596644,96.46
1774596645,96.46
1774596646,96.46
1774596647,96.46
1774596648,96.46
1774596649,96.46
1774596650,96.48
1774596651,96.48
1774596652,96.51
1774596653,96.51
1774596654,96.51
1774596655,96.51
1774596656,96.50
1774596657,96.50
1774596658,96.50
1774596659,96.50
1774596660,96.50
1774596661,96.49
1774596662,96.49
1774596663,96.49
1774596664,96.49
1774596665,96.49
1774596666,96.49
1774596667,96.49
1774596668,96.49
1774596669,96.49
1774596670,96.49
1774596671,96.49
1774596672,96.53
1774596673,96.53
1774596674,96.53
1774596675,96.53
1774596676,96.53
1774596677,96.52
1774596678,96.52
1774596679,96.52
1774596680,96.52
1774596681,96.52
1774596682,96.52
1774596683,96.52
1774596684,96.52
1774596685,96.52
1774596686,96.52
1774596687,96.52
1774596688,96.52
1774596689,96.52
1774596690,96.52
1774596691,96.52
1774596692,96.52
1774596693,96.52
1774596694,96.51
1774596695,96.51
1774596696,96.51
1774596697,96.51
1774596698,96.51
1774596699,96.51
1774596700,96.51
1774596701,96.51
1774596702,96.51
1774596703,96.51
1774596704,96.51
1774596705,96.51
1774596706,96.51
1774596707,96.51
1774596708,96.51
1774596709,96.51
1774596710,96.51
1774596711,96.51
1774596712,96.51
1774596713,96.51
1774596714,96.51
1774596715,96.55
1774596716,96.55
1774596717,96.55
1774596718,96.55
1774596719,96.55
1774596720,96.55
1774596721,96.56
1774596722,96.56
1774596723,96.56
1774596724,96.56
1774596725,96.55
1774596726,96.55
1774596727,96.55
1774596728,96.55
1774596729,96.55
1774596731,96.55
1774596732,96.58
1774596733,96.58
1774596734,96.58
1774596735,96.57
1774596736,96.57
1774596737,96.56
1774596738,96.56
1774596739,96.56
1774596740,96.56
1774596741,96.56
1774596742,96.56
1774596743,96.56
1774596744,96.56
1774596745,96.56
1774596746,96.56
1774596747,96.56
1774596748,96.56
1774596749,96.56
1774596750,96.56
1774596751,96.56
1774596752,96.56
1774596753,96.56
1774596754,96.56
1774596755,96.56
1774596756,96.56
1774596757,96.56
1774596758,96.56
1774596759,96.56
1774596760,96.56
1774596761,96.56
1774596762,96.56
1774596763,96.56
1774596764,96.56
1774596765,96.56
1774596766,96.56
1774596767,96.56
1774596768,96.56
1774596769,96.56
1774596770,96.56
1774596771,96.56
1774596772,96.56
1774596773,96.56
1774596774,96.56
1774596775,96.56
1774596776,96.56
1774596777,96.56
1774596778,96.56
1774596779,96.56
1774596780,96.56
1774596781,96.56
1774596782,96.56
1774596783,96.56
1774596784,96.56
1774596785,96.56
1774596786,96.56
1774596787,96.56
1774596788,96.56
1774596789,96.55
1774596790,96.55
1774596791,96.55
1774596792,96.55
1774596793,96.55
1774596794,96.55
1774596795,96.55
1774596796,96.55
1774596797,96.55
1774596798,96.54
1774596799,96.54
1774596800,96.58
1774596801,96.58
1774596802,96.58
1774596803,96.58
1774596804,96.58
1774596805,96.58
1774596806,96.57
1774596807,96.57
1774596808,96.57
1774596809,96.56
1774596810,96.56
1774596811,96.56
1774596812,96.56
1774596813,96.56
1774596814,96.56
1774596815,96.56
1774596816,96.56
1774596817,96.56
1774596818,96.56
1774596819,96.56
1774596820,96.56
1774596821,96.56
1774596822,96.56
1774596823,96.56
1774596824,96.56
1774596825,96.56
1774596826,96.56
1774596827,96.56
1774596828,96.56
1774596829,96.56
1774596830,96.56
1774596831,96.56
1774596832,96.56
1774596833,96.56
1774596834,96.56
1774596835,96.56
1774596837,96.56
1774596838,96.56
1774596839,96.56
1774596840,96.56
1774596841,96.55
1774596842,96.55
1774596843,96.55
1774596844,96.55
1774596845,96.55
1774596846,96.55
1774596847,96.54
1774596848,96.54
1774596849,96.54
1774596850,96.54
1774596851,96.54
1774596852,96.54
1774596853,96.54
1774596854,96.54
1774596855,96.53
1774596856,96.53
1774596857,96.53
1774596858,96.53
1774596859,96.53
1774596860,96.53
1774596861,96.53
1774596862,96.53
1774596863,96.53
1774596864,96.53
1774596865,96.53
1774596866,96.53
1774596867,96.53
1774596868,96.53
1774596869,96.54
1774596870,96.54
1774596871,96.54
1774596872,96.54
1774596873,96.54
1774596874,96.54
1774596875,96.54
1774596876,96.54
1774596877,96.54
1774596878,96.53
1774596879,96.53
1774596880,96.53
1774596881,96.53
1774596882,96.53
1774596883,96.53
1774596884,96.53
1774596885,96.53
1774596886,96.53
1774596887,96.53
1774596888,96.53
1774596889,96.53
1774596890,96.52
1774596891,96.52
1774596892,96.52
1774596893,96.52
1774596894,96.52
1774596895,96.51
1774596896,96.51
1774596897,96.51
1774596898,96.51
1774596899,96.51
1774596900,96.51
1774596901,96.51
1774596902,96.51
1774596903,96.51
1774596904,96.51
1774596905,96.51
1774596906,96.51
1774596907,96.51
1774596908,96.51
1774596909,96.51
1774596910,96.51
1774596911,96.51
1774596912,96.51
1774596913,96.51
1774596914,96.51
1774596915,96.51
1774596916,96.51
1774596917,96.51
1774596918,96.51
1774596919,96.51
1774596920,96.51
1774596921,96.51
1774596922,96.51
1774596923,96.51
1774596924,96.51
1774596925,96.51
1774596926,96.51
1774596927,96.51
1774596928,96.51
1774596929,96.51
1774596930,96.51
1774596931,96.51
1774596932,96.51
1774596933,96.51
1774596934,96.51
1774596935,96.51
1774596936,96.51
1774596937,96.51
1774596938,96.51
1774596939,96.51
1774596940,96.51
1774596941,96.51
1774596942,96.51
1774596943,96.51
1774596944,96.51
1774596946,96.51
1774596947,96.51
1774596948,96.51
1774596949,96.51
1774596950,96.51
1774596951,96.51
1774596952,96.51
1774596953,96.51
1774596954,96.51
1774596955,96.51
1774596956,96.51
1774596957,96.51
1774596958,96.51
1774596959,96.51
1774596960,96.51
1774596961,96.51
1774596962,96.51
1774596963,96.51
1774596964,96.51
1774596965,96.51
1774596966,96.51
1774596967,96.51
1774596968,96.51
1774596969,96.51
1774596970,96.50
1774596971,96.50
1774596972,96.50
1774596973,96.50
1774596974,96.50
1774596975,96.50
1774596976,96.50
1774596977,96.54
1774596978,96.54
1774596979,96.54
1774596980,96.54
1774596981,96.54
1774596982,96.54
1774596983,96.53
1774596984,96.53
1774596985,96.53
1774596986,96.53
1774596987,96.53
1774596988,96.53
1774596989,96.53
1774596990,96.53
1774596991,96.53
1774596992,96.53
1774596993,96.53
1774596994,96.52
1774596995,96.52
1774596996,96.52
1774596997,96.51
1774596998,96.51
1774596999,96.51
1774597000,96.51
1774597001,96.51
1774597002,96.51
1774597003,96.51
1774597004,96.51
1774597005,96.51
1774597006,96.51
1774597007,96.51
1774597008,96.50
1774597009,96.50
1774597010,96.50
1774597011,96.50
1774597012,96.50
1774597013,96.50
1774597014,96.50
1774597015,96.50
1774597016,96.50
1774597017,96.50
1774597018,96.50
1774597019,96.50
1774597020,96.50
1774597021,96.50
1774597022,96.50
1774597023,96.50
1774597024,96.50
1774597025,96.50
1774597026,96.50
1774597027,96.50
1774597028,96.50
1774597029,96.50
1774597030,96.50
1774597031,96.50
1774597032,96.50
1774597033,96.50
1774597034,96.50
1774597035,96.50
1774597036,96.50
1774597037,96.50
1774597038,96.53
1774597039,96.57
1774597040,96.57
1774597041,96.57
1774597042,96.56
1774597043,96.56
1774597045,96.56
1774597046,96.55
1774597047,96.55
1774597048,96.55
1774597049,96.55
1774597050,96.55
1774597051,96.54
1774597052,96.54
1774597053,96.54
1774597054,96.53
1774597055,96.53
1774597056,96.53
1774597057,96.53
1774597058,96.53
1774597059,96.53
1774597060,96.53
1774597061,96.53
1774597062,96.53
1774597063,96.53
1774597064,96.53
1774597065,96.53
1774597066,96.53
1774597067,96.52
1774597068,96.52
1774597069,96.52
1774597070,96.52
1774597071,96.52
1774597072,96.52
1774597073,96.52
1774597074,96.51
1774597075,96.51
1774597076,96.51
1774597077,96.51
1774597078,96.51
1774597079,96.51
1774597080,96.50
1774597081,96.50
1774597082,96.50
1774597083,96.50
1774597084,96.50
1774597085,96.50
1774597086,96.50
1774597087,96.50
1774597088,96.50
1774597089,96.50
1774597090,96.50
1774597091,96.50
1774597092,96.50
1774597093,96.50
1774597094,96.50
1774597095,96.50
1774597096,96.50
1774597097,96.50
1774597098,96.50
1774597099,96.50
1774597100,96.49
1774597101,96.49
1774597102,96.49
1774597103,96.49
1774597104,96.49
1774597105,96.49
1774597106,96.49
1774597107,96.50
1774597108,96.50
1774597109,96.50
1774597110,96.50
1774597111,96.50
1774597112,96.50
1774597113,96.50
1774597114,96.50
1774597115,96.54
1774597116,96.54
1774597117,96.58
1774597118,96.58
1774597119,96.58
1774597120,96.58
1774597121,96.58
1774597122,96.57
1774597123,96.57
1774597124,96.57
1774597125,96.57
1774597126,96.57
1774597127,96.57
1774597128,96.57
1774597129,96.57
1774597130,96.57
1774597131,96.57
1774597132,96.57
1774597133,96.57
1774597134,96.61
1774597135,96.61
1774597136,96.61
1774597137,96.61
1774597138,96.61
1774597139,96.60
1774597140,96.60
1774597141,96.63
1774597142,96.63
1774597143,96.63
1774597144,96.63
1774597145,96.63
1774597146,96.63
1774597147,96.63
1774597148,96.65
1774597150,96.64
1774597151,96.63
1774597152,96.63
1774597153,96.63
1774597154,96.63
1774597155,96.63
1774597156,96.63
1774597157,96.63
1774597158,96.63
1774597159,96.63
1774597160,96.63
1774597161,96.63
1774597162,96.63
1774597163,96.62
1774597164,96.62
1774597165,96.62
1774597166,96.62
1774597167,96.62
1774597168,96.62
1774597169,96.61
1774597170,96.61
1774597171,96.61
1774597172,96.61
1774597173,96.61
1774597174,96.60
1774597175,96.60
1774597176,96.60
1774597177,96.60
1774597178,96.60
1774597179,96.60
1774597180,96.60
1774597181,96.60
1774597182,96.60
1774597183,96.59
1774597184,96.59
1774597185,96.59
1774597186,96.59
1774597187,96.59
1774597188,96.56
1774597189,96.56
1774597190,96.56
1774597191,96.55
1774597192,96.55
1774597193,96.55
1774597194,96.54
1774597195,96.56
1774597196,96.56
1774597197,96.55
1774597198,96.56
1774597199,96.56
1774597200,96.56
1774597201,96.56
1774597202,96.56
1774597203,96.55
1774597204,96.55
1774597205,96.55
1774597206,96.55
1774597207,96.55
1774597208,96.54
1774597209,96.54
1774597210,96.54
1774597211,96.55
1774597212,96.54
1774597213,96.54
1774597214,96.54
1774597215,96.54
1774597216,96.55
1774597217,96.54
1774597218,96.54
1774597219,96.54
1774597220,96.54
1774597221,96.54
1774597222,96.54
1774597223,96.54
1774597224,96.54
1774597225,96.55
1774597226,96.55
1774597227,96.55
1774597228,96.55
1774597229,96.55
1774597230,96.55
1774597231,96.55
1774597232,96.55
1774597233,96.55
1774597234,96.55
1774597235,96.55
1774597236,96.54
1774597237,96.54
1774597238,96.54
1774597239,96.54
1774597240,96.54
1774597241,96.54
1774597242,96.54
1774597243,96.54
1774597244,96.53
1774597245,96.55
1774597246,96.55
1774597247,96.55
1774597248,96.55
1774597249,96.55
1774597250,96.55
1774597251,96.55
1774597252,96.54
1774597253,96.54
1774597254,96.54
1774597255,96.55
1774597256,96.55
1774597258,96.55
1774597259,96.55
1774597260,96.54
1774597261,96.54
1774597262,96.54
1774597263,96.54
1774597264,96.54
1774597265,96.54
1774597266,96.54
1774597267,96.54
1774597268,96.56
1774597269,96.56
1774597270,96.56
1774597271,96.55
1774597272,96.55
1774597273,96.54
1774597274,96.55
1774597275,96.55
1774597276,96.55
1774597277,96.54
1774597278,96.54
1774597279,96.54
1774597280,96.53
1774597281,96.56
1774597282,96.55
1774597283,96.55
1774597284,96.55
1774597285,96.55
1774597286,96.55
1774597287,96.55
1774597288,96.55
1774597289,96.55
1774597290,96.55
1774597291,96.54
1774597292,96.54
1774597293,96.54
1774597294,96.54
1774597295,96.54
1774597296,96.53
1774597297,96.53
1774597298,96.53
1774597299,96.53
1774597300,96.53
1774597301,96.56
1774597302,96.56
1774597303,96.56
1774597304,96.56
1774597305,96.58
1774597306,96.60
1774597307,96.59
1774597308,96.59
1774597309,96.58
1774597310,96.58
1774597311,96.58
1774597312,96.58
1774597313,96.58
1774597314,96.58
1774597315,96.57
1774597316,96.57
1774597317,96.57
1774597318,96.57
1774597319,96.57
1774597320,96.57
1774597321,96.57
1774597322,96.57
1774597323,96.56
1774597324,96.56
1774597325,96.56
1774597326,96.56
1774597327,96.56
1774597328,96.55
1774597329,96.55
1774597330,96.55
1774597331,96.55
1774597332,96.55
1774597333,96.55
1774597334,96.55
1774597335,96.55
1774597336,96.55
1774597337,96.55
1774597338,96.55
1774597339,96.55
1774597340,96.55
1774597341,96.55
1774597342,96.54
1774597343,96.54
1774597344,96.54
1774597345,96.54
1774597346,96.54
1774597347,96.54
1774597348,96.54
1774597349,96.54
1774597350,96.54
1774597351,96.54
1774597352,96.54
1774597353,96.54
1774597354,96.54
1774597355,96.54
1774597356,96.51
1774597357,96.51
1774597358,96.51
1774597359,96.51
1774597360,96.51
1774597361,96.51
1774597362,96.51
1774597363,96.51
1774597364,96.51
1774597366,96.51
1774597367,96.51
1774597368,96.51
1774597369,96.51
1774597370,96.51
1774597371,96.51
1774597372,96.51
1774597373,96.51
1774597374,96.51
1774597375,96.51
1774597376,96.51
1774597377,96.51
1774597378,96.53
1774597379,96.53
1774597380,96.53
1774597381,96.52
1774597382,96.51
1774597383,96.51
1774597384,96.51
1774597385,96.51
1774597386,96.51
1774597387,96.51
1774597388,96.51
1774597389,96.51
1774597390,96.52
1774597391,96.52
1774597392,96.52
1774597393,96.52
1774597394,96.51
1774597395,96.51
1774597396,96.52
1774597397,96.51
1774597398,96.51
1774597399,96.51
1774597400,96.51
1774597401,96.51
1774597402,96.50
1774597403,96.50
1774597404,96.50
1774597405,96.50
1774597406,96.50
1774597407,96.50
1774597408,96.50
1774597409,96.50
1774597410,96.50
1774597411,96.50
1774597412,96.50
1774597413,96.50
1774597414,96.50
1774597415,96.50
1774597416,96.50
1774597417,96.50
1774597418,96.50
1774597419,96.50
1774597420,96.50
1774597421,96.50
1774597422,96.50
1774597423,96.50
1774597424,96.50
1774597425,96.52
1774597426,96.52
1774597427,96.52
1774597428,96.52
1774597429,96.52
1774597430,96.51
1774597431,96.51
1774597432,96.51
1774597433,96.51
1774597434,96.50
1774597435,96.50
1774597436,96.50
1774597437,96.49
1774597438,96.49
1774597439,96.50
1774597440,96.49
1774597441,96.49
1774597442,96.49
1774597443,96.49
1774597444,96.48
1774597445,96.48
1774597446,96.48
1774597447,96.48
1774597448,96.48
1774597449,96.48
1774597450,96.48
1774597451,96.48
1774597452,96.48
1774597453,96.48
1774597454,96.48
1774597455,96.47
1774597456,96.47
1774597457,96.46
1774597458,96.46
1774597459,96.45
1774597460,96.45
1774597461,96.45
1774597462,96.45
1774597463,96.45
1774597464,96.45
1774597465,96.45
1774597466,96.45
1774597467,96.45
1774597468,96.45
1774597469,96.45
1774597470,96.45
1774597471,96.45
1774597472,96.45
1774597473,96.45
1774597474,96.45
1774597475,96.45
1774597477,96.45
1774597478,96.45
1774597479,96.45
1774597480,96.44
1774597481,96.44
1774597482,96.44
1774597483,96.44
1774597484,96.44
1774597485,96.44
1774597486,96.44
1774597487,96.44
1774597488,96.44
1774597489,96.44
1774597490,96.44
1774597491,96.44
1774597492,96.44
1774597493,96.44
1774597494,96.44
1774597495,96.44
1774597496,96.44
1774597497,96.44
1774597498,96.44
1774597499,96.44
1774597500,96.44
1774597501,96.44
1774597502,96.43
1774597503,96.43
1774597504,96.43
1774597505,96.43
1774597506,96.43
1774597507,96.43
1774597508,96.43
1774597509,96.43
1774597510,96.43
1774597511,96.43
1774597512,96.43
1774597513,96.47
1774597514,96.46
1774597515,96.46
1774597516,96.46
1774597517,96.46
1774597518,96.45
1774597519,96.45
1774597520,96.45
1774597521,96.44
1774597522,96.44
1774597523,96.44
1774597524,96.44
1774597525,96.44
1774597526,96.44
1774597527,96.44
1774597528,96.44
1774597529,96.44
1774597530,96.44
1774597531,96.44
1774597532,96.44
1774597533,96.47
1774597534,96.46
1774597535,96.46
1774597536,96.46
1774597537,96.45
1774597538,96.45
1774597539,96.45
1774597540,96.44
1774597541,96.44
1774597542,96.44
1774597543,96.44
1774597544,96.47
1774597545,96.52
1774597546,96.52
1774597547,96.51
1774597548,96.51
1774597549,96.56
1774597550,96.56
1774597551,96.56
1774597552,96.55
1774597553,96.55
1774597554,96.55
1774597555,96.55
1774597556,96.55
1774597557,96.54
1774597558,96.54
1774597559,96.54
1774597560,96.54
1774597561,96.53
1774597562,96.53
1774597563,96.53
1774597564,96.52
1774597565,96.52
1774597566,96.51
1774597567,96.51
1774597568,96.51
1774597569,96.51
1774597570,96.51
1774597571,96.51
1774597572,96.51
1774597573,96.50
1774597574,96.52
1774597575,96.51
1774597576,96.51
1774597577,96.51
1774597578,96.51
1774597579,96.50
1774597580,96.50
1774597581,96.50
1774597582,96.50
1774597583,96.50
1774597584,96.50
1774597585,96.50
1774597586,96.50
1774597587,96.50
1774597588,96.50
1774597590,96.50
1774597591,96.50
1774597592,96.54
1774597593,96.54
1774597594,96.54
1774597595,96.53
1774597596,96.53
1774597597,96.53
1774597598,96.53
1774597599,96.53
1774597600,96.53
1774597601,96.53
1774597602,96.52
1774597603,96.55
1774597604,96.55
1774597605,96.54
1774597606,96.54
1774597607,96.54
1774597608,96.54
1774597609,96.53
1774597610,96.53
1774597611,96.53
1774597612,96.53
1774597613,96.53
1774597614,96.53
1774597615,96.53
1774597616,96.53
1774597617,96.53
1774597618,96.53
1774597619,96.53
1774597620,96.53
1774597621,96.52
1774597622,96.52
1774597623,96.52
1774597624,96.52
1774597625,96.52
1774597626,96.52
1774597627,96.52
1774597628,96.52
1774597629,96.52
1774597630,96.52
1774597631,96.52
1774597632,96.52
1774597633,96.52
1774597634,96.52
1774597635,96.52
1774597636,96.52
1774597637,96.52
1774597638,96.52
1774597639,96.52
1774597640,96.52
1774597641,96.51
1774597642,96.51
1774597643,96.49
1774597644,96.55
1774597645,96.54
1774597646,96.54
1774597647,96.55
1774597648,96.54
1774597649,96.54
1774597650,96.54
1774597651,96.54
1774597652,96.54
1774597653,96.54
1774597654,96.54
1774597655,96.54
1774597656,96.53
1774597657,96.53
1774597658,96.53
1774597659,96.53
1774597660,96.53
1774597661,96.53
1774597662,96.53
1774597663,96.52
1774597664,96.52
1774597665,96.52
1774597666,96.52
1774597667,96.52
1774597668,96.52
1774597669,96.54
1774597670,96.53
1774597671,96.53
1774597672,96.52
1774597673,96.52
1774597674,96.51
1774597675,96.51
1774597676,96.51
1774597677,96.50
1774597678,96.55
1774597679,96.55
1774597680,96.54
1774597681,96.54
1774597682,96.54
1774597683,96.54
1774597684,96.54
1774597685,96.54
1774597686,96.54
1774597687,96.54
1774597688,96.54
1774597689,96.54
1774597690,96.54
1774597691,96.54
1774597692,96.54
1774597693,96.53
1774597694,96.53
1774597695,96.53
1774597696,96.53
1774597697,96.53
1774597698,96.53
1774597699,96.53
1774597700,96.53
1774597701,96.52
1774597702,96.52
1774597703,96.55
1774597704,96.54
1774597705,96.54
1774597707,96.54
1774597708,96.54
1774597709,96.54
1774597710,96.54
1774597711,96.54
1774597712,96.54
1774597713,96.54
1774597714,96.53
1774597715,96.53
1774597716,96.53
1774597717,96.53
1774597718,96.53
1774597719,96.53
1774597720,96.52
1774597721,96.52
1774597722,96.52
1774597723,96.52
1774597724,96.52
1774597725,96.51
1774597726,96.51
1774597727,96.51
1774597728,96.51
1774597729,96.51
1774597730,96.51
1774597731,96.51
1774597732,96.51
1774597733,96.51
1774597734,96.51
1774597735,96.51
1774597736,96.51
1774597737,96.49
1774597738,96.49
1774597739,96.48
1774597740,96.48
1774597741,96.48
1774597742,96.48
1774597743,96.48
1774597744,96.48
1774597745,96.47
1774597746,96.47
1774597747,96.47
1774597748,96.47
1774597749,96.47
1774597750,96.47
1774597751,96.49
1774597752,96.50
1774597753,96.50
1774597754,96.50
1774597755,96.50
1774597756,96.50
1774597757,96.49
1774597758,96.49
1774597759,96.49
1774597760,96.49
1774597761,96.49
1774597762,96.49
1774597763,96.50
1774597764,96.50
1774597765,96.50
1774597766,96.50
1774597767,96.50
1774597768,96.50
1774597769,96.50
1774597770,96.49
1774597771,96.49
1774597772,96.49
1774597773,96.49
1774597774,96.49
1774597775,96.49
1774597776,96.49
1774597777,96.49
1774597778,96.49
1774597779,96.49
1774597780,96.49
1774597781,96.49
1774597782,96.49
1774597783,96.49
1774597784,96.49
1774597785,96.49
1774597786,96.53
1774597787,96.53
1774597788,96.53
1774597789,96.53
1774597790,96.53
1774597791,96.53
1774597792,96.53
1774597793,96.53
1774597794,96.53
1774597795,96.53
1774597796,96.54
1774597797,96.54
1774597798,96.54
1774597799,96.53
1774597800,96.53
1774597801,96.53
1774597802,96.53
1774597803,96.53
1774597804,96.53
1774597805,96.53
1774597806,96.53
1774597807,96.53
1774597808,96.53
1774597809,96.53
1774597810,96.53
1774597811,96.51
1774597812,96.51
1774597813,96.51
1774597814,96.51
1774597815,96.51
1774597816,96.51
1774597817,96.51
1774597818,96.51
1774597819,96.51
1774597821,96.51
1774597822,96.51
1774597823,96.51
1774597824,96.51
1774597825,96.51
1774597826,96.50
1774597827,96.50
1774597828,96.50
1774597829,96.50
1774597830,96.49
1774597831,96.54
1774597832,96.53
1774597833,96.53
1774597834,96.53
1774597835,96.53
1774597836,96.53
1774597837,96.53
1774597838,96.53
1774597839,96.52
1774597840,96.52
1774597841,96.52
1774597842,96.52
1774597843,96.52
1774597844,96.52
1774597845,96.51
1774597846,96.51
1774597847,96.51
1774597848,96.51
1774597849,96.51
1774597850,96.51
1774597851,96.51
1774597852,96.51
1774597853,96.51
1774597854,96.51
1774597855,96.51
1774597856,96.51
1774597857,96.51
1774597858,96.52
1774597859,96.52
1774597860,96.52
1774597861,96.52
1774597862,96.52
1774597863,96.44
1774597864,96.44
1774597865,96.44
1774597866,96.44
1774597867,96.44
1774597868,96.43
1774597869,96.43
1774597870,96.43
1774597871,96.43
1774597872,96.43
1774597873,96.45
1774597874,96.45
1774597875,96.45
1774597876,96.45
1774597877,96.45
1774597878,96.44
1774597879,96.44
1774597880,96.44
1774597881,96.44
1774597882,96.44
1774597883,96.44
1774597884,96.44
1774597885,96.44
1774597886,96.44
1774597887,96.44
1774597888,96.48
1774597889,96.48
1774597890,96.48
1774597891,96.47
1774597892,96.47
1774597893,96.48
1774597894,96.48
1774597895,96.47
1774597896,96.47
1774597897,96.47
1774597898,96.47
1774597899,96.47
1774597900,96.47
1774597901,96.47
1774597902,96.47
1774597903,96.47
1774597904,96.46
1774597905,96.46
1774597906,96.46
1774597907,96.45
1774597908,96.46
1774597909,96.46
1774597910,96.46
1774597911,96.41
1774597912,96.41
1774597913,96.41
1774597914,96.41
1774597915,96.40
1774597916,96.40
1774597917,96.40
1774597918,96.40
1774597919,96.40
1774597920,96.40
1774597921,96.40
1774597922,96.39
1774597923,96.39
1774597924,96.39
1774597925,96.39
1774597926,96.39
1774597927,96.39
1774597928,96.39
1774597929,96.38
1774597930,96.38
1774597931,96.38
1774597932,96.38
1774597934,96.38
1774597935,96.38
1774597936,96.38
1774597937,96.38
1774597938,96.38
1774597939,96.38
1774597940,96.38
1774597941,96.38
1774597942,96.38
1774597943,96.38
1774597944,96.38
1774597945,96.37
1774597946,96.37
1774597947,96.37
1774597948,96.37
1774597949,96.37
1774597950,96.37
1774597951,96.37
1774597952,96.37
1774597953,96.37
1774597954,96.36
1774597955,96.36
1774597956,96.37
1774597957,96.37
1774597958,96.37
1774597959,96.36
1774597960,96.36
1774597961,96.36
1774597962,96.36
1774597963,96.36
1774597964,96.35
1774597965,96.40
1774597966,96.40
1774597967,96.39
1774597968,96.39
1774597969,96.39
1774597970,96.39
1774597971,96.39
1774597972,96.39
1774597973,96.39
1774597974,96.40
1774597975,96.40
1774597976,96.40
1774597977,96.40
1774597978,96.40
1774597979,96.40
1774597980,96.40
1774597981,96.40
1774597982,96.40
1774597983,96.40
1774597984,96.40
1774597985,96.39
1774597986,96.44
1774597987,96.44
1774597988,96.44
1774597989,96.44
1774597990,96.44
1774597991,96.44
1774597992,96.44
1774597993,96.43
1774597994,96.43
1774597995,96.43
1774597996,96.49
1774597997,96.48
1774597998,96.48
1774597999,96.51
1774598000,96.51
1774598001,96.53
1774598002,96.52
1774598003,96.51
1774598004,96.51
1774598005,96.51
1774598006,96.51
1774598007,96.51
1774598008,96.50
1774598009,96.50
1774598010,96.50
1774598011,96.50
1774598012,96.50
1774598013,96.50
1774598014,96.51
1774598015,96.50
1774598016,96.50
1774598017,96.49
1774598018,96.49
1774598019,96.49
1774598020,96.49
1774598021,96.49
1774598022,96.49
1774598023,96.48
1774598024,96.48
1774598025,96.47
1774598026,96.47
1774598027,96.47
1774598028,96.47
1774598029,96.47
1774598030,96.47
1774598031,96.47
1774598032,96.47
1774598033,96.47
1774598034,96.47
1774598035,96.46
1774598036,96.46
1774598037,96.46
1774598039,96.46
1774598040,96.46
1774598041,96.45
1774598042,96.45
1774598043,96.45
1774598044,96.45
1774598045,96.45
1774598046,96.45
1774598047,96.45
1774598048,96.45
1774598049,96.45
1774598050,96.45
1774598051,96.45
1774598052,96.45
1774598053,96.45
1774598054,96.45
1774598055,96.45
1774598056,96.45
1774598057,96.49
1774598058,96.49
1774598059,96.49
1774598060,96.48
1774598061,96.52
1774598062,96.52
1774598063,96.52
1774598064,96.52
1774598065,96.53
1774598066,96.51
1774598067,96.51
1774598068,96.51
1774598069,96.51
1774598070,96.50
1774598071,96.50
1774598072,96.50
1774598073,96.50
1774598074,96.49
1774598075,96.49
1774598076,96.49
1774598077,96.49
1774598078,96.49
1774598079,96.49
1774598080,96.49
1774598081,96.48
1774598082,96.48
1774598083,96.49
1774598084,96.48
1774598085,96.48
1774598086,96.48
1774598087,96.47
1774598088,96.47
1774598089,96.46
1774598090,96.46
1774598091,96.46
1774598092,96.46
1774598093,96.46
1774598094,96.46
1774598095,96.45
1774598096,96.45
1774598097,96.45
1774598098,96.44
1774598099,96.44
1774598100,96.43
1774598101,96.43
1774598102,96.47
1774598103,96.47
1774598104,96.47
1774598105,96.50
1774598106,96.49
1774598107,96.49
1774598108,96.48
1774598109,96.48
1774598110,96.48
1774598111,96.48
1774598112,96.48
1774598113,96.48
1774598114,96.51
1774598115,96.50
1774598116,96.51
1774598117,96.51
1774598118,96.51
1774598119,96.50
1774598120,96.50
1774598121,96.50
1774598122,96.51
1774598123,96.51
1774598124,96.51
1774598125,96.51
1774598126,96.50
1774598127,96.50
1774598128,96.50
1774598129,96.50
1774598130,96.49
1774598131,96.48
1774598132,96.48
1774598133,96.48
1774598134,96.48
1774598135,96.47
1774598136,96.47
1774598137,96.47
1774598138,96.47
1774598139,96.47
1774598140,96.47
1774598141,96.46
1774598142,96.46
1774598143,96.46
1774598144,96.46
1774598145,96.46
1774598146,96.49
1774598147,96.48
1774598148,96.47
1774598149,96.47
1774598150,96.47
1774598151,96.46
1774598152,96.46
1774598153,96.46
1774598154,96.50
1774598155,96.50
1774598157,96.49
1774598158,96.49
1774598159,96.49
1774598160,96.49
1774598161,96.49
1774598162,96.49
1774598163,96.49
1774598164,96.49
1774598165,96.49
1774598166,96.54
1774598167,96.53
1774598168,96.53
1774598169,96.52
1774598170,96.52
1774598171,96.52
1774598172,96.52
1774598173,96.52
1774598174,96.52
1774598175,96.52
1774598176,96.52
1774598177,96.52
1774598178,96.52
1774598179,96.51
1774598180,96.51
1774598181,96.51
1774598182,96.53
1774598183,96.52
1774598184,96.52
1774598185,96.52
1774598186,96.52
1774598187,96.51
1774598188,96.51
1774598189,96.51
1774598190,96.51
1774598191,96.51
1774598192,96.51
1774598193,96.51
1774598194,96.51
1774598195,96.51
1774598196,96.50
1774598197,96.50
1774598198,96.50
1774598199,96.50
1774598200,96.49
1774598201,96.48
1774598202,96.48
1774598203,96.48
1774598204,96.47
1774598205,96.47
1774598206,96.47
1774598207,96.47
1774598208,96.47
1774598209,96.47
1774598210,96.47
1774598211,96.47
1774598212,96.47
1774598213,96.47
1774598214,96.47
1774598215,96.46
1774598216,96.46
1774598217,96.46
1774598218,96.46
1774598219,96.46
1774598220,96.46
1774598221,96.46
1774598222,96.46
1774598223,96.46
1774598224,96.46
1774598225,96.45
1774598226,96.45
1774598227,96.45
1774598228,96.45
1774598229,96.45
1774598230,96.45
1774598231,96.45
1774598232,96.45
1774598233,96.45
1774598234,96.45
1774598235,96.45
1774598236,96.44
1774598237,96.44
1774598238,96.44
1774598239,96.43
1774598240,96.43
1774598241,96.43
1774598242,96.42
1774598243,96.42
1774598244,96.42
1774598245,96.42
1774598246,96.42
1774598247,96.42
1774598248,96.42
1774598249,96.42
1774598250,96.42
1774598251,96.42
1774598252,96.42
1774598253,96.42
1774598254,96.42
1774598255,96.42
1774598256,96.42
1774598257,96.42
1774598258,96.42
1774598259,96.42
1774598260,96.41
1774598261,96.41
1774598262,96.50
1774598263,96.50
1774598264,96.50
1774598265,96.50
1774598266,96.50
1774598267,96.50
1774598268,96.49
1774598269,96.49
1774598271,96.49
1774598272,96.49
1774598273,96.49
1774598274,96.48
1774598275,96.48
1774598276,96.47
1774598277,96.47
1774598278,96.47
1774598279,96.47
1774598280,96.46
1774598281,96.46
1774598282,96.46
1774598283,96.46
1774598284,96.47
1774598285,96.47
1774598286,96.47
1774598287,96.46
1774598288,96.49
1774598289,96.49
1774598290,96.49
1774598291,96.49
1774598292,96.49
1774598293,96.49
1774598294,96.49
1774598295,96.49
1774598296,96.48
1774598297,96.48
1774598298,96.48
1774598299,96.48
1774598300,96.47
1774598301,96.43
1774598302,96.44
1774598303,96.42
1774598304,96.47
1774598305,96.46
1774598306,96.46
1774598307,96.46
1774598308,96.45
1774598309,96.45
1774598310,96.45
1774598311,96.45
1774598312,96.45
1774598313,96.45
1774598314,96.45
1774598315,96.45
1774598316,96.45
1774598317,96.44
1774598318,96.44
1774598319,96.43
1774598320,96.43
1774598321,96.43
1774598322,96.42
1774598323,96.43
1774598324,96.43
1774598325,96.43
1774598326,96.42
1774598327,96.42
1774598328,96.42
1774598329,96.42
1774598330,96.42
1774598331,96.42
1774598332,96.42
1774598333,96.42
1774598334,96.42
1774598335,96.42
1774598336,96.41
1774598337,96.41
1774598338,96.41
1774598339,96.41
1774598340,96.41
1774598341,96.40
1774598342,96.40
1774598343,96.40
1774598344,96.40
1774598345,96.40
1774598346,96.40
1774598347,96.40
1774598348,96.40
1774598349,96.40
1774598350,96.43
1774598351,96.43
1774598352,96.42
1774598353,96.42
1774598354,96.42
1774598355,96.41
1774598356,96.41
1774598357,96.41
1774598358,96.41
1774598359,96.40
1774598360,96.43
1774598361,96.43
1774598362,96.42
1774598363,96.45
1774598364,96.44
1774598365,96.44
1774598366,96.44
1774598367,96.43
1774598368,96.43
1774598369,96.43
1774598370,96.43
1774598371,96.43
1774598372,96.43
1774598373,96.43
1774598374,96.43
1774598375,96.43
1774598376,96.43
1774598377,96.43
1774598378,96.43
1774598379,96.43
1774598380,96.43
1774598381,96.42
1774598382,96.42
1774598383,96.42
1774598384,96.42
1774598385,96.42
1774598386,96.42
1774598387,96.42
1774598388,96.42
1774598389,96.42
1774598390,96.42
1774598391,96.42
1774598392,96.42
1774598393,96.42
1774598395,96.42
1774598396,96.42
1774598397,96.42
1774598398,96.42
1774598399,96.42
1774598400,96.42
1774598401,96.42
1774598402,96.42
1774598403,96.42
1774598404,96.47
1774598405,96.47
1774598406,96.46
1774598407,96.46
1774598408,96.48
1774598409,96.48
1774598410,96.47
1774598411,96.47
1774598412,96.47
1774598413,96.47
1774598414,96.47
1774598415,96.47
1774598416,96.47
1774598417,96.47
1774598418,96.47
1774598419,96.47
1774598420,96.47
1774598421,96.47
1774598422,96.47
1774598423,96.47
1774598424,96.46
1774598425,96.46
1774598426,96.46
1774598427,96.46
1774598428,96.46
1774598429,96.46
1774598430,96.46
1774598431,96.46
1774598432,96.46
1774598433,96.45
1774598434,96.49
1774598435,96.49
1774598436,96.49
1774598437,96.49
1774598438,96.49
1774598439,96.49
1774598440,96.49
1774598441,96.49
1774598442,96.49
1774598443,96.49
1774598444,96.49
1774598445,96.49
1774598446,96.49
1774598447,96.49
1774598448,96.49
1774598449,96.49
1774598450,96.48
1774598451,96.48
1774598452,96.49
1774598453,96.49
1774598454,96.49
1774598455,96.49
1774598456,96.48
1774598457,96.48
1774598458,96.48
1774598459,96.48
1774598460,96.48
1774598461,96.48
1774598462,96.48
1774598463,96.48
1774598464,96.48
1774598465,96.48
1774598466,96.48
1774598467,96.49
1774598468,96.49
1774598469,96.49
1774598470,96.49
1774598471,96.49
1774598472,96.49
1774598473,96.49
1774598474,96.49
1774598475,96.49
1774598476,96.49
1774598477,96.49
1774598478,96.49
1774598479,96.48
1774598480,96.48
1774598481,96.48
1774598482,96.48
1774598483,96.48
1774598484,96.48
1774598485,96.48
1774598486,96.48
1774598487,96.47
1774598488,96.47
1774598489,96.47
1774598490,96.47
1774598491,96.47
1774598492,96.47
1774598493,96.47
1774598494,96.47
1774598495,96.47
1774598496,96.51
1774598497,96.51
1774598498,96.51
1774598499,96.51
1774598500,96.51
1774598501,96.51
1774598502,96.51
1774598503,96.51
1774598504,96.51
1774598505,96.51
1774598506,96.51
1774598507,96.51
1774598508,96.51
1774598509,96.51
1774598510,96.51
1774598511,96.51
1774598512,96.51
1774598513,96.51
1774598515,96.51
1774598516,96.51
1774598517,96.51
1774598518,96.50
1774598519,96.50
1774598520,96.50
1774598521,96.50
1774598522,96.50
1774598523,96.49
1774598524,96.49
1774598525,96.49
1774598526,96.49
1774598527,96.49
1774598528,96.49
1774598529,96.49
1774598530,96.49
1774598531,96.49
1774598532,96.48
1774598533,96.48
1774598534,96.48
1774598535,96.48
1774598536,96.48
1774598537,96.48
1774598538,96.48
1774598539,96.48
1774598540,96.48
1774598541,96.48
1774598542,96.48
1774598543,96.48
1774598544,96.48
1774598545,96.48
1774598546,96.47
1774598547,96.52
1774598548,96.52
1774598549,96.52
1774598550,96.52
1774598551,96.51
1774598552,96.51
1774598553,96.51
1774598554,96.51
1774598555,96.51
1774598556,96.50
1774598557,96.50
1774598558,96.50
1774598559,96.50
1774598560,96.50
1774598561,96.50
1774598562,96.49
1774598563,96.49
1774598564,96.49
1774598565,96.49
1774598566,96.49
1774598567,96.49
1774598568,96.49
1774598569,96.49
1774598570,96.49
1774598571,96.49
1774598572,96.49
1774598573,96.49
1774598574,96.48
1774598575,96.48
1774598576,96.48
1774598577,96.48
1774598578,96.48
1774598579,96.47
1774598580,96.47
1774598581,96.47
1774598582,96.47
1774598583,96.47
1774598584,96.47
1774598585,96.47
1774598586,96.47
1774598587,96.47
1774598588,96.47
1774598589,96.47
1774598590,96.47
1774598591,96.47
1774598592,96.47
1774598593,96.47
1774598594,96.46
1774598595,96.46
1774598596,96.46
1774598597,96.46
1774598598,96.46
1774598599,96.46
1774598600,96.46
1774598601,96.46
1774598602,96.46
1774598603,96.46
1774598604,96.46
1774598605,96.46
1774598606,96.46
1774598607,96.46
1774598608,96.45
1774598609,96.45
1774598610,96.45
1774598611,96.45
1774598612,96.45
1774598613,96.44
1774598614,96.44
1774598615,96.44
1774598616,96.44
1774598617,96.44
1774598618,96.44
1774598619,96.44
1774598620,96.44
1774598621,96.44
1774598622,96.44
1774598623,96.44
1774598624,96.44
1774598625,96.44
1774598626,96.44
1774598627,96.44
1774598628,96.44
1774598630,96.44
1774598631,96.44
1774598632,96.44
1774598633,96.44
1774598634,96.44
1774598635,96.44
1774598636,96.44
1774598637,96.44
1774598638,96.44
1774598639,96.44
1774598640,96.44
1774598641,96.44
1774598642,96.44
1774598643,96.44
1774598644,96.44
1774598645,96.44
1774598646,96.43
1774598647,96.43
1774598648,96.43
1774598649,96.43
1774598650,96.43
1774598651,96.43
1774598652,96.43
1774598653,96.43
1774598654,96.43
1774598655,96.43
1774598656,96.44
1774598657,96.44
1774598658,96.44
1774598659,96.44
1774598660,96.44
1774598661,96.44
1774598662,96.44
1774598663,96.44
1774598664,96.44
1774598665,96.44
1774598666,96.44
1774598667,96.44
1774598668,96.47
1774598669,96.46
1774598670,96.46
1774598671,96.46
1774598672,96.46
1774598673,96.46
1774598674,96.46
1774598675,96.46
1774598676,96.46
1774598677,96.46
1774598678,96.46
1774598679,96.46
1774598680,96.46
1774598681,96.46
1774598682,96.46
1774598683,96.46
1774598684,96.46
1774598685,96.46
1774598686,96.46
1774598687,96.46
1774598688,96.46
1774598689,96.45
1774598690,96.45
1774598691,96.46
1774598692,96.46
1774598693,96.46
1774598694,96.46
1774598695,96.46
1774598696,96.46
1774598697,96.46
1774598698,96.46
1774598699,96.46
1774598700,96.46
1774598701,96.46
1774598702,96.47
1774598703,96.46
1774598704,96.47
1774598705,96.47
1774598706,96.47
1774598707,96.47
1774598708,96.47
1774598709,96.47
1774598710,96.47
1774598711,96.47
1774598712,96.47
1774598713,96.47
1774598714,96.48
1774598715,96.48
1774598716,96.48
1774598717,96.47
1774598718,96.47
1774598719,96.47
1774598720,96.48
1774598721,96.48
1774598722,96.48
1774598723,96.48
1774598724,96.48
1774598725,96.48
1774598726,96.48
1774598727,96.48
1774598728,96.48
1774598729,96.48
1774598730,96.48
1774598731,96.48
1774598732,96.48
1774598733,96.48
1774598734,96.48
1774598735,96.48
1774598736,96.48
1774598737,96.48
1774598738,96.48
1774598739,96.48
1774598740,96.48
1774598741,96.48
1774598742,96.48
1774598743,96.48
1774598744,96.51
1774598746,96.51
1774598747,96.51
1774598748,96.51
1774598749,96.50
1774598750,96.50
1774598751,96.50
1774598752,96.49
1774598753,96.49
1774598754,96.48
1774598755,96.48
1774598756,96.48
1774598757,96.48
1774598758,96.48
1774598759,96.48
1774598760,96.48
1774598761,96.48
1774598762,96.48
1774598763,96.48
1774598764,96.48
1774598765,96.48
1774598766,96.48
1774598767,96.48
1774598768,96.48
1774598769,96.48
1774598770,96.48
1774598771,96.48
1774598772,96.48
1774598773,96.48
1774598774,96.48
1774598775,96.48
1774598776,96.48
1774598777,96.48
1774598778,96.47
1774598779,96.49
1774598780,96.53
1774598781,96.53
1774598782,96.53
1774598783,96.58
1774598784,96.58
1774598785,96.58
1774598786,96.58
1774598787,96.58
1774598788,96.57
1774598789,96.57
1774598790,96.57
1774598791,96.57
1774598792,96.57
1774598793,96.56
1774598794,96.56
1774598795,96.56
1774598796,96.56
1774598797,96.56
1774598798,96.60
1774598799,96.59
1774598800,96.59
1774598801,96.59
1774598802,96.59
1774598803,96.59
1774598804,96.59
1774598805,96.59
1774598806,96.59
1774598807,96.59
1774598808,96.59
1774598809,96.59
1774598810,96.58
1774598811,96.58
1774598812,96.58
1774598813,96.58
1774598814,96.58
1774598815,96.57
1774598816,96.57
1774598817,96.57
1774598818,96.57
1774598819,96.57
1774598820,96.57
1774598821,96.57
1774598822,96.57
1774598823,96.57
1774598824,96.57
1774598825,96.57
1774598826,96.57
1774598827,96.57
1774598828,96.57
1774598829,96.57
1774598830,96.57
1774598831,96.57
1774598832,96.56
1774598833,96.56
1774598834,96.56
1774598835,96.56
1774598836,96.56
1774598837,96.56
1774598838,96.55
1774598839,96.55
1774598840,96.55
1774598841,96.55
1774598842,96.55
1774598843,96.55
1774598844,96.55
1774598845,96.55
1774598846,96.55
1774598847,96.55
1774598848,96.55
1774598849,96.55
1774598850,96.55
1774598851,96.55
1774598852,96.55
1774598853,96.55
1774598854,96.55
1774598855,96.55
1774598856,96.54
1774598857,96.54
1774598858,96.54
1774598859,96.54
1774598860,96.54
1774598861,96.54
1774598862,96.54
1774598863,96.56
1774598865,96.55
1774598866,96.55
1774598867,96.55
1774598868,96.55
1774598869,96.55
1774598870,96.55
1774598871,96.55
1774598872,96.55
1774598873,96.55
1774598874,96.55
1774598875,96.55
1774598876,96.55
1774598877,96.55
1774598878,96.55
1774598879,96.55
1774598880,96.55
1774598881,96.55
1774598882,96.55
1774598883,96.56
1774598884,96.56
1774598885,96.56
1774598886,96.56
1774598887,96.56
1774598888,96.56
1774598889,96.56
1774598890,96.56
1774598891,96.56
1774598892,96.56
1774598893,96.56
1774598894,96.56
1774598895,96.56
1774598896,96.56
1774598897,96.56
1774598898,96.56
1774598899,96.56
1774598900,96.56
1774598901,96.56
1774598902,96.56
1774598903,96.56
1774598904,96.55
1774598905,96.55
1774598906,96.55
1774598907,96.55
1774598908,96.55
1774598909,96.55
1774598910,96.55
1774598911,96.55
1774598912,96.54
1774598913,96.54
1774598914,96.54
1774598915,96.54
1774598916,96.54
1774598917,96.54
1774598918,96.54
1774598919,96.54
1774598920,96.54
1774598921,96.54
1774598922,96.54
1774598923,96.49
1774598924,96.49
1774598925,96.53
1774598926,96.53
1774598927,96.53
1774598928,96.53
1774598929,96.53
1774598930,96.53
1774598931,96.52
1774598932,96.52
1774598933,96.52
1774598934,96.52
1774598935,96.52
1774598936,96.52
1774598937,96.52
1774598938,96.52
1774598939,96.54
1774598940,96.54
1774598941,96.54
1774598942,96.54
1774598943,96.54
1774598944,96.53
1774598945,96.54
1774598946,96.54
1774598947,96.54
1774598948,96.53
1774598949,96.53
1774598950,96.53
1774598951,96.53
1774598952,96.53
1774598953,96.53
1774598954,96.52
1774598955,96.52
1774598956,96.52
1774598957,96.52
1774598958,96.52
1774598959,96.52
1774598960,96.52
1774598961,96.52
1774598962,96.51
1774598963,96.51
1774598964,96.51
1774598965,96.51
1774598966,96.51
1774598967,96.51
1774598968,96.50
1774598969,96.50
1774598970,96.50
1774598971,96.50
1774598972,96.50
1774598973,96.50
1774598974,96.50
1774598975,96.50
1774598976,96.50
1774598977,96.50
1774598978,96.50
1774598979,96.50
1774598980,96.50
1774598981,96.50
1774598982,96.51
1774598983,96.51
1774598984,96.50
1774598986,96.50
1774598987,96.50
1774598988,96.50
1774598989,96.50
1774598990,96.49
1774598991,96.49
1774598992,96.49
1774598993,96.49
1774598994,96.49
1774598995,96.49
1774598996,96.48
1774598997,96.48
1774598998,96.48
1774598999,96.48
1774599000,96.48
1774599001,96.48
1774599002,96.48
1774599003,96.48
1774599004,96.48
1774599005,96.48
1774599006,96.48
1774599007,96.48
1774599008,96.48
1774599009,96.48
1774599010,96.47
1774599011,96.47
1774599012,96.47
1774599013,96.47
1774599014,96.47
1774599015,96.46
1774599016,96.46
1774599017,96.51
1774599018,96.50
1774599019,96.50
1774599020,96.50
1774599021,96.49
1774599022,96.49
1774599023,96.49
1774599024,96.48
1774599025,96.48
1774599026,96.48
1774599027,96.48
1774599028,96.53
1774599029,96.53
1774599030,96.52
1774599031,96.52
1774599032,96.52
1774599033,96.52
1774599034,96.52
1774599035,96.51
1774599036,96.51
1774599037,96.51
1774599038,96.51
1774599039,96.50
1774599040,96.50
1774599041,96.50
1774599042,96.50
1774599043,96.50
1774599044,96.50
1774599045,96.50
1774599046,96.50
1774599047,96.50
1774599048,96.50
1774599049,96.50
1774599050,96.50
1774599051,96.50
1774599052,96.50
1774599053,96.50
1774599054,96.50
1774599055,96.50
1774599056,96.50
1774599057,96.50
1774599058,96.50
1774599059,96.50
1774599060,96.50
1774599061,96.50
1774599062,96.50
1774599063,96.50
1774599064,96.50
1774599065,96.50
1774599066,96.50
1774599067,96.50
1774599068,96.50
1774599069,96.50
1774599070,96.50
1774599071,96.50
1774599072,96.50
1774599073,96.50
1774599074,96.50
1774599075,96.50
1774599076,96.50
1774599077,96.50
1774599078,96.50
1774599079,96.50
1774599080,96.50
1774599081,96.50
1774599082,96.50
1774599083,96.50
1774599084,96.50
1774599085,96.50
1774599086,96.49
1774599087,96.32
1774599088,96.07
